"id","repartition_line_ids/factor_percent","repartition_line_ids/repartition_type","repartition_line_ids/document_type","repartition_line_ids/tag_ids","repartition_line_ids/account_id"
"iva23bens","100","base","invoice","dp_iva[3]",""
"","100","tax","invoice","dp_iva[4]","chart_24331"
"","100","base","refund","+dp_base[40]",""
"","100","tax","refund","dp_iva[40]","chart_24341"
"iva23serv","100","base","invoice","dp_iva[3]",""
"","100","tax","invoice","dp_iva[4]","chart_24333"
"","100","base","refund","+dp_base[40]",""
"","100","tax","refund","dp_iva[40]","chart_24341"
"iva23_p_bc","100","base","invoice","supplier_annex_base[22]",""
"","100","tax","invoice","dp_iva[22]","chart_24321"
"","100","base","refund","+dp_base[41]",""
"","100","tax","refund","dp_iva[41]","chart_24342"
"iva23_p_im","100","base","invoice","supplier_annex_base[20]",""
"","100","tax","invoice","dp_iva[20]","chart_24322"
"","100","base","refund","+dp_base[41]",""
"","100","tax","refund","dp_iva[41]","chart_24342"
"iva23_p_sc","100","base","invoice","supplier_annex_base[24]",""
"","100","tax","invoice","dp_iva[24]","chart_24323"
"","100","base","refund","+dp_base[41]",""
"","100","tax","refund","dp_iva[41]","chart_24342"
"iva23_p_s_ic","100","base","invoice","dp_iva[16] || supplier_annex_base[24]",""
"","100","tax","invoice","dp_iva[24]","chart_24323"
"","-100","tax","invoice","dp_iva[17]","chart_24333"
"","100","base","refund","+dp_base[41] || +dp_base[40]",""
"","100","tax","refund","dp_iva[41]","chart_24342"
"","-100","tax","refund","dp_iva[40]","chart_24341"
"iva23_p_bc_ic","100","base","invoice","dp_iva[12] || supplier_annex_base[22]",""
"","100","tax","invoice","dp_iva[22]","chart_24321"
"","-100","tax","invoice","dp_iva[13]","chart_24331"
"","100","base","refund","+dp_base[41] || +dp_base[40]",""
"","100","tax","refund","dp_iva[41]","chart_24342"
"","-100","tax","refund","dp_iva[40]","chart_24341"
"iva23_p_im_ic","100","base","invoice","dp_iva[12] || supplier_annex_base[20]",""
"","100","tax","invoice","dp_iva[20]","chart_24322"
"","-100","tax","invoice","dp_iva[13]","chart_24332"
"","100","base","refund","+dp_base[41] || +dp_base[40]",""
"","100","tax","refund","dp_iva[41]","chart_24342"
"","-100","tax","refund","dp_iva[40]","chart_24341"
"iva23_p_bi_i","100","base","invoice","dp_iva[18] || supplier_annex_base[22]",""
"","100","tax","invoice","dp_iva[22]","chart_24321"
"","-100","tax","invoice","dp_iva[19]","chart_24331"
"","100","base","refund","+dp_base[41] || +dp_base[40]",""
"","100","tax","refund","dp_iva[41]","chart_24342"
"","-100","tax","refund","dp_iva[40]","chart_24341"
"iva23_p_im_i_isp","100","base","invoice","dp_iva[18] || supplier_annex_base[20]",""
"","100","tax","invoice","dp_iva[20]","chart_24322"
"","-100","tax","invoice","dp_iva[19]","chart_24332"
"","100","base","refund","+dp_base[41] || +dp_base[40]",""
"","100","tax","refund","dp_iva[41]","chart_24342"
"","-100","tax","refund","dp_iva[40]","chart_24341"
"iva23_p_sp_ex_isp","100","base","invoice","dp_iva[3] || dp_iva[98] || supplier_annex_base[24]",""
"","100","tax","invoice","dp_iva[24]","chart_24323"
"","-100","tax","invoice","dp_iva[4]","chart_24333"
"","100","base","refund","+dp_base[41] || +dp_base[40]",""
"","100","tax","refund","dp_iva[41]","chart_24342"
"","-100","tax","refund","dp_iva[40]","chart_24341"
"iva13bens","100","base","invoice","dp_iva[5]",""
"","100","tax","invoice","dp_iva[6]","chart_24331"
"","100","base","refund","+dp_base[40]",""
"","100","tax","refund","dp_iva[40]","chart_24341"
"iva13serv","100","base","invoice","dp_iva[5]",""
"","100","tax","invoice","dp_iva[6]","chart_24333"
"","100","base","refund","+dp_base[40]",""
"","100","tax","refund","dp_iva[40]","chart_24341"
"iva13_p_im","100","base","invoice","supplier_annex_base[20]",""
"","100","tax","invoice","dp_iva[20]","chart_24322"
"","100","base","refund","+dp_base[41]",""
"","100","tax","refund","dp_iva[41]","chart_24342"
"iva13_p_bc","100","base","invoice","supplier_annex_base[23]",""
"","100","tax","invoice","dp_iva[23]","chart_24321"
"","100","base","refund","+dp_base[41]",""
"","100","tax","refund","dp_iva[41]","chart_24342"
"iva13_p_sc","100","base","invoice","supplier_annex_base[24]",""
"","100","tax","invoice","dp_iva[24]","chart_24323"
"","100","base","refund","+dp_base[41]",""
"","100","tax","refund","dp_iva[41]","chart_24342"
"iva13_p_bi_ic","100","base","invoice","dp_iva[12] || supplier_annex_base[23]",""
"","100","tax","invoice","dp_iva[23]","chart_24321"
"","-100","tax","invoice","dp_iva[13]","chart_24331"
"","100","base","refund","+dp_base[41] || +dp_base[40]",""
"","100","tax","refund","dp_iva[41]","chart_24342"
"","-100","tax","refund","dp_iva[40]","chart_24341"
"iva13_p_im_ic","100","base","invoice","dp_iva[12] || supplier_annex_base[20]",""
"","100","tax","invoice","dp_iva[20]","chart_24322"
"","-100","tax","invoice","dp_iva[13]","chart_24332"
"","100","base","refund","+dp_base[41] || +dp_base[40]",""
"","100","tax","refund","dp_iva[41]","chart_24342"
"","-100","tax","refund","dp_iva[40]","chart_24341"
"iva13_p_s_ic_isp","100","base","invoice","dp_iva[16] || supplier_annex_base[24]",""
"","100","tax","invoice","dp_iva[24]","chart_24323"
"","-100","tax","invoice","dp_iva[17]","chart_24333"
"","100","base","refund","+dp_base[41] || +dp_base[40]",""
"","100","tax","refund","dp_iva[41]","chart_24342"
"","-100","tax","refund","dp_iva[40]","chart_24341"
"iva13_p_bi_i","100","base","invoice","dp_iva[18] || supplier_annex_base[23]",""
"","100","tax","invoice","dp_iva[23]","chart_24321"
"","-100","tax","invoice","dp_iva[19]","chart_24331"
"","100","base","refund","+dp_base[41] || +dp_base[40]",""
"","100","tax","refund","dp_iva[41]","chart_24342"
"","-100","tax","refund","dp_iva[40]","chart_24341"
"iva13_p_im_i_isp","100","base","invoice","dp_iva[18] || supplier_annex_base[20]",""
"","100","tax","invoice","dp_iva[20]","chart_24322"
"","-100","tax","invoice","dp_iva[19]","chart_24332"
"","100","base","refund","+dp_base[41] || +dp_base[40]",""
"","100","tax","refund","dp_iva[41]","chart_24342"
"","-100","tax","refund","dp_iva[40]","chart_24341"
"iva13_p_sp_ex_isp","100","base","invoice","dp_iva[5] || dp_iva[98] || supplier_annex_base[24]",""
"","100","tax","invoice","dp_iva[24]","chart_24323"
"","-100","tax","invoice","dp_iva[6]","chart_24333"
"","100","base","refund","+dp_base[41] || +dp_base[40]",""
"","100","tax","refund","dp_iva[41]","chart_24342"
"","-100","tax","refund","dp_iva[40]","chart_24341"
"iva6bens","100","base","invoice","dp_iva[1]",""
"","100","tax","invoice","dp_iva[2]","chart_24331"
"","100","base","refund","+dp_base[40]",""
"","100","tax","refund","dp_iva[40]","chart_24341"
"iva6serv","100","base","invoice","dp_iva[1]",""
"","100","tax","invoice","dp_iva[2]","chart_24333"
"","100","base","refund","+dp_base[40]",""
"","100","tax","refund","dp_iva[40]","chart_24341"
"iva6_p_im","100","base","invoice","supplier_annex_base[20]",""
"","100","tax","invoice","dp_iva[20]","chart_24322"
"","100","base","refund","+dp_base[41]",""
"","100","tax","refund","dp_iva[41]","chart_24342"
"iva6_p_bc","100","base","invoice","supplier_annex_base[21]",""
"","100","tax","invoice","dp_iva[21]","chart_24321"
"","100","base","refund","+dp_base[41]",""
"","100","tax","refund","dp_iva[41]","chart_24342"
"iva6_p_sc","100","base","invoice","supplier_annex_base[24]",""
"","100","tax","invoice","dp_iva[24]","chart_24323"
"","100","base","refund","+dp_base[41]",""
"","100","tax","refund","dp_iva[41]","chart_24342"
"iva6_p_bi_ic","100","base","invoice","dp_iva[12] || supplier_annex_base[21]",""
"","100","tax","invoice","dp_iva[21]","chart_24321"
"","-100","tax","invoice","dp_iva[13]","chart_24331"
"","100","base","refund","+dp_base[41] || +dp_base[40]",""
"","100","tax","refund","dp_iva[41]","chart_24342"
"","-100","tax","refund","dp_iva[40]","chart_24341"
"iva6_p_im_ic","100","base","invoice","dp_iva[12] || supplier_annex_base[20]",""
"","100","tax","invoice","dp_iva[20]","chart_24322"
"","-100","tax","invoice","dp_iva[13]","chart_24332"
"","100","base","refund","+dp_base[41] || +dp_base[40]",""
"","100","tax","refund","dp_iva[41]","chart_24342"
"","-100","tax","refund","dp_iva[40]","chart_24341"
"iva6_p_s_ic_isp","100","base","invoice","dp_iva[16] || supplier_annex_base[24]",""
"","100","tax","invoice","dp_iva[24]","chart_24323"
"","-100","tax","invoice","dp_iva[17]","chart_24333"
"","100","base","refund","+dp_base[41] || +dp_base[40]",""
"","100","tax","refund","dp_iva[41]","chart_24342"
"","-100","tax","refund","dp_iva[40]","chart_24341"
"iva6_p_bi_i","100","base","invoice","dp_iva[18] || supplier_annex_base[21]",""
"","100","tax","invoice","dp_iva[21]","chart_24321"
"","-100","tax","invoice","dp_iva[19]","chart_24331"
"","100","base","refund","+dp_base[41] || +dp_base[40]",""
"","100","tax","refund","dp_iva[41]","chart_24342"
"","-100","tax","refund","dp_iva[40]","chart_24341"
"iva6_p_im_i_isp","100","base","invoice","dp_iva[18] || supplier_annex_base[20]",""
"","100","tax","invoice","dp_iva[20]","chart_24322"
"","-100","tax","invoice","dp_iva[19]","chart_24332"
"","100","base","refund","+dp_base[41] || +dp_base[40]",""
"","100","tax","refund","dp_iva[41]","chart_24342"
"","-100","tax","refund","dp_iva[40]","chart_24341"
"iva6_p_sp_ex_isp","100","base","invoice","dp_iva[1] || dp_iva[98] || supplier_annex_base[24]",""
"","100","tax","invoice","dp_iva[24]","chart_24323"
"","-100","tax","invoice","dp_iva[2]","chart_24333"
"","100","base","refund","+dp_base[41] || +dp_base[40]",""
"","100","tax","refund","dp_iva[41]","chart_24342"
"","-100","tax","refund","dp_iva[40]","chart_24341"
"iva0_m01","100","base","invoice","",""
"","100","tax","invoice","",""
"","100","base","refund","",""
"","100","tax","refund","",""
"iva0_m02","100","base","invoice","trp_clientes_op",""
"","100","tax","invoice","",""
"","100","base","refund","trp_clientes_op",""
"","100","tax","refund","",""
"iva0_m03","100","base","invoice","",""
"","100","tax","invoice","",""
"","100","base","refund","",""
"","100","tax","refund","",""
"iva0_m04","100","base","invoice","dp_iva[8] || trp_clientes_op",""
"","100","tax","invoice","",""
"","100","base","refund","dp_iva[8]",""
"","100","tax","refund","",""
"iva0_m05","100","base","invoice","dp_iva[8] || trp_clientes_exportacao",""
"","100","tax","invoice","",""
"","100","base","refund","dp_iva[8]",""
"","100","tax","refund","",""
"iva0_m06","100","base","invoice","dp_iva[8] || trp_clientes_op",""
"","100","tax","invoice","",""
"","100","base","refund","dp_iva[8]",""
"","100","tax","refund","",""
"iva0_m07","100","base","invoice","dp_iva[9]",""
"","100","tax","invoice","",""
"","100","base","refund","dp_iva[9]",""
"","100","tax","refund","",""
"iva0_m08","100","base","invoice","",""
"","100","tax","invoice","",""
"","100","base","refund","",""
"","100","tax","refund","",""
"iva0_m09","100","base","invoice","dp_iva[9]",""
"","100","tax","invoice","",""
"","100","base","refund","",""
"","100","tax","refund","",""
"iva0_m10","100","base","invoice","",""
"","100","tax","invoice","",""
"","100","base","refund","",""
"","100","tax","refund","",""
"iva0_m11","100","base","invoice","",""
"","100","tax","invoice","",""
"","100","base","refund","",""
"","100","tax","refund","",""
"iva0_m12","100","base","invoice","",""
"","100","tax","invoice","",""
"","100","base","refund","",""
"","100","tax","refund","",""
"iva0_m13","100","base","invoice","",""
"","100","tax","invoice","",""
"","100","base","refund","",""
"","100","tax","refund","",""
"iva0_m14","100","base","invoice","",""
"","100","tax","invoice","",""
"","100","base","refund","",""
"","100","tax","refund","",""
"iva0_m15","100","base","invoice","",""
"","100","tax","invoice","",""
"","100","base","refund","",""
"","100","tax","refund","",""
"iva0_m16","100","base","invoice","dp_iva[7]",""
"","100","tax","invoice","",""
"","100","base","refund","dp_iva[7]",""
"","100","tax","refund","",""
"iva0_m19","100","base","invoice","",""
"","100","tax","invoice","",""
"","100","base","refund","",""
"","100","tax","refund","",""
"iva0_m20","100","base","invoice","",""
"","100","tax","invoice","",""
"","100","base","refund","",""
"","100","tax","refund","",""
"iva0_m21","100","base","invoice","",""
"","100","tax","invoice","",""
"","100","base","refund","",""
"","100","tax","refund","",""
"iva0_m25","100","base","invoice","",""
"","100","tax","invoice","",""
"","100","base","refund","",""
"","100","tax","refund","",""
"iva0_m30","100","base","invoice","dp_iva[3] || dp_iva[101] || supplier_annex_base[24]",""
"","100","tax","invoice","dp_iva[24]","chart_24323"
"","-100","tax","invoice","dp_iva[4]","chart_24333"
"","100","base","refund","+dp_base[41] || +dp_base[40]",""
"","100","tax","refund","dp_iva[41]","chart_24342"
"","-100","tax","refund","dp_iva[40]","chart_24341"
"iva0_m30_sale","100","base","invoice","dp_iva[8] || trp_clientes_op",""
"","100","tax","invoice","",""
"","100","base","refund","dp_iva[8] || trp_clientes_op",""
"","100","tax","refund","",""
"iva0_m31","100","base","invoice","dp_iva[3] || dp_iva[102] || supplier_annex_base[24]",""
"","100","tax","invoice","dp_iva[24]","chart_24323"
"","-100","tax","invoice","dp_iva[4]","chart_24333"
"","100","base","refund","+dp_base[41] || +dp_base[40]",""
"","100","tax","refund","dp_iva[41]","chart_24342"
"","-100","tax","refund","dp_iva[40]","chart_24341"
"iva0_m31_sale","100","base","invoice","dp_iva[8] || trp_clientes_op",""
"","100","tax","invoice","",""
"","100","base","refund","dp_iva[8] || trp_clientes_op",""
"","100","tax","refund","",""
"iva0_m32","100","base","invoice","dp_iva[3] || dp_iva[105] || supplier_annex_base[24]",""
"","100","tax","invoice","dp_iva[24]","chart_24323"
"","-100","tax","invoice","dp_iva[4]","chart_24333"
"","100","base","refund","+dp_base[41] || +dp_base[40]",""
"","100","tax","refund","dp_iva[41]","chart_24342"
"","-100","tax","refund","dp_iva[40]","chart_24341"
"iva0_m32_sale","100","base","invoice","dp_iva[8] || trp_clientes_op",""
"","100","tax","invoice","",""
"","100","base","refund","dp_iva[8] || trp_clientes_op",""
"","100","tax","refund","",""
"iva0_m33","100","base","invoice","dp_iva[3] || dp_iva[107] || supplier_annex_base[24]",""
"","100","tax","invoice","dp_iva[24]","chart_24323"
"","-100","tax","invoice","dp_iva[4]","chart_24333"
"","100","base","refund","+dp_base[41] || +dp_base[40]",""
"","100","tax","refund","dp_iva[41]","chart_24342"
"","-100","tax","refund","dp_iva[40]","chart_24341"
"iva0_m33_sale","100","base","invoice","dp_iva[8]",""
"","100","tax","invoice","",""
"","100","base","refund","dp_iva[8]",""
"","100","tax","refund","",""
"iva0_m40_sale_intra","100","base","invoice","dp_iva[7]",""
"","100","tax","invoice","",""
"","100","base","refund","dp_iva[7]",""
"","100","tax","refund","",""
"iva0_m40_sale_extra","100","base","invoice","dp_iva[8]",""
"","100","tax","invoice","",""
"","100","base","refund","dp_iva[8]",""
"","100","tax","refund","",""
"iva0_m41","100","base","invoice","dp_iva[3] || supplier_annex_base[24]",""
"","100","tax","invoice","dp_iva[24]",""
"","-100","tax","invoice","dp_iva[4]",""
"","100","base","refund","+dp_base[41] || +dp_base[40]",""
"","100","tax","refund","dp_iva[41]",""
"","-100","tax","refund","dp_iva[40]",""
"iva0_m41_sale","100","base","invoice","",""
"","100","tax","invoice","",""
"","100","base","refund","",""
"","100","tax","refund","",""
"iva0_m42","100","base","invoice","dp_iva[3] || dp_iva[100]  || supplier_annex_base[24]",""
"","100","tax","invoice","dp_iva[24]","chart_24323"
"","-100","tax","invoice","dp_iva[4]","chart_24333"
"","100","base","refund","+dp_base[41] || +dp_base[40]",""
"","100","tax","refund","dp_iva[41]","chart_24342"
"","-100","tax","refund","dp_iva[40]","chart_24341"
"iva0_m42_sale","100","base","invoice","dp_iva[8] || trp_clientes_op",""
"","100","tax","invoice","",""
"","100","base","refund","dp_iva[8] || trp_clientes_op",""
"","100","tax","refund","",""
"iva0_m43","100","base","invoice","dp_iva[3] || dp_iva[99]  || supplier_annex_base[24]",""
"","100","tax","invoice","dp_iva[24]","chart_24323"
"","-100","tax","invoice","dp_iva[4]","chart_24333"
"","100","base","refund","+dp_base[41] || +dp_base[40]",""
"","100","tax","refund","dp_iva[41]","chart_24342"
"","-100","tax","refund","dp_iva[40]","chart_24341"
"iva0_m43_sale","100","base","invoice","dp_iva[8] || trp_clientes_op",""
"","100","tax","invoice","",""
"","100","base","refund","dp_iva[8] || trp_clientes_op",""
"","100","tax","refund","",""
"iva16bens","100","base","invoice","dp_iva_r_ac[3]",""
"","100","tax","invoice","dp_iva[66] || dp_iva_r_ac[4]","chart_24331"
"","100","base","refund","+dp_base[40]",""
"","100","tax","refund","dp_iva[40]","chart_24341"
"iva16serv","100","base","invoice","dp_iva_r_ac[3]",""
"","100","tax","invoice","dp_iva[66] || dp_iva_r_ac[4]","chart_24333"
"","100","base","refund","+dp_base[40]",""
"","100","tax","refund","dp_iva[40]","chart_24341"
"iva16_p_im","100","base","invoice","supplier_annex_base[20]",""
"","100","tax","invoice","dp_iva[65] || dp_iva_r_ac[20]","chart_24322"
"","100","base","refund","+dp_base[41]",""
"","100","tax","refund","dp_iva[41]","chart_24342"
"iva16_p_bc","100","base","invoice","supplier_annex_base[22]",""
"","100","tax","invoice","dp_iva[65] || dp_iva_r_ac[22]","chart_24321"
"","100","base","refund","+dp_base[41]",""
"","100","tax","refund","dp_iva[41]","chart_24342"
"iva16_p_sc","100","base","invoice","supplier_annex_base[24]",""
"","100","tax","invoice","dp_iva[65] || dp_iva_r_ac[24]","chart_24323"
"","100","base","refund","+dp_base[41]",""
"","100","tax","refund","dp_iva[41]","chart_24342"
"iva16_p_s_ic","100","base","invoice","dp_iva_r_ac[16] || supplier_annex_base[24]",""
"","100","tax","invoice","dp_iva[65] || dp_iva_r_ac[24]","chart_24323"
"","-100","tax","invoice","dp_iva[66] || dp_iva_r_ac[17]","chart_24333"
"","100","base","refund","+dp_base[41] || +dp_base[40]",""
"","100","tax","refund","dp_iva[41]","chart_24342"
"","-100","tax","refund","dp_iva[40]","chart_24341"
"iva16_p_bc_ic","100","base","invoice","dp_iva_r_ac[12] || supplier_annex_base[22]",""
"","100","tax","invoice","dp_iva[65] || dp_iva_r_ac[22]","chart_24321"
"","-100","tax","invoice","dp_iva[66] || dp_iva_r_ac[13]","chart_24331"
"","100","base","refund","+dp_base[41] || +dp_base[40]",""
"","100","tax","refund","dp_iva[41]","chart_24342"
"","-100","tax","refund","dp_iva[40]","chart_24341"
"iva16_p_im_ic","100","base","invoice","dp_iva_r_ac[12] || supplier_annex_base[20]",""
"","100","tax","invoice","dp_iva[65] || dp_iva_r_ac[20]","chart_24322"
"","-100","tax","invoice","dp_iva[66] || dp_iva_r_ac[13]","chart_24332"
"","100","base","refund","+dp_base[41] || +dp_base[40]",""
"","100","tax","refund","dp_iva[41]","chart_24342"
"","-100","tax","refund","dp_iva[40]","chart_24341"
"iva16_p_bi_i","100","base","invoice","dp_iva_r_ac[18] || supplier_annex_base[22]",""
"","100","tax","invoice","dp_iva[65] || dp_iva_r_ac[22]","chart_24321"
"","-100","tax","invoice","dp_iva[66] || dp_iva_r_ac[19]","chart_24331"
"","100","base","refund","+dp_base[41] || +dp_base[40]",""
"","100","tax","refund","dp_iva[41]","chart_24342"
"","-100","tax","refund","dp_iva[40]","chart_24341"
"iva16_p_im_i_isp","100","base","invoice","dp_iva_r_ac[18] || supplier_annex_base[20]",""
"","100","tax","invoice","dp_iva[65] || dp_iva_r_ac[20]","chart_24322"
"","-100","tax","invoice","dp_iva[66] || dp_iva_r_ac[19]","chart_24332"
"","100","base","refund","+dp_base[41] || +dp_base[40]",""
"","100","tax","refund","dp_iva[41]","chart_24342"
"","-100","tax","refund","dp_iva[40]","chart_24341"
"iva16_p_sp_ex_isp","100","base","invoice","dp_iva_r_ac[3] || dp_iva_r_ac[66] || supplier_annex_base[24]",""
"","100","tax","invoice","dp_iva[65] || dp_iva_r_ac[24]","chart_24323"
"","-100","tax","invoice","dp_iva[66] || dp_iva_r_ac[4]","chart_24333"
"","100","base","refund","+dp_base[41] || +dp_base[40]",""
"","100","tax","refund","dp_iva[41]","chart_24342"
"","-100","tax","refund","dp_iva[40]","chart_24341"
"iva9bens","100","base","invoice","dp_iva_r_ac[5]",""
"","100","tax","invoice","dp_iva[66] || dp_iva_r_ac[6]","chart_24331"
"","100","base","refund","+dp_base[40]",""
"","100","tax","refund","dp_iva[40]","chart_24341"
"iva9serv","100","base","invoice","dp_iva_r_ac[5]",""
"","100","tax","invoice","dp_iva[66] || dp_iva_r_ac[6]","chart_24333"
"","100","base","refund","+dp_base[40]",""
"","100","tax","refund","dp_iva[40]","chart_24341"
"iva9_p_im","100","base","invoice","supplier_annex_base[20]",""
"","100","tax","invoice","dp_iva[65] || dp_iva_r_ac[20]","chart_24322"
"","100","base","refund","+dp_base[41]",""
"","100","tax","refund","dp_iva[41]","chart_24342"
"iva9_p_bc","100","base","invoice","supplier_annex_base[23]",""
"","100","tax","invoice","dp_iva[65] || dp_iva_r_ac[23]","chart_24321"
"","100","base","refund","+dp_base[41]",""
"","100","tax","refund","dp_iva[41]","chart_24342"
"iva9_p_sc","100","base","invoice","supplier_annex_base[24]",""
"","100","tax","invoice","dp_iva[65] || dp_iva_r_ac[24]","chart_24323"
"","100","base","refund","+dp_base[41]",""
"","100","tax","refund","dp_iva[41]","chart_24342"
"iva9_p_s_ic","100","base","invoice","dp_iva_r_ac[16] || supplier_annex_base[24]",""
"","100","tax","invoice","dp_iva[65] || dp_iva_r_ac[24]","chart_24323"
"","-100","tax","invoice","dp_iva[66] || dp_iva_r_ac[17]","chart_24333"
"","100","base","refund","+dp_base[41] || +dp_base[40]",""
"","100","tax","refund","dp_iva[41]","chart_24342"
"","-100","tax","refund","dp_iva[40]","chart_24341"
"iva9_p_bc_ic","100","base","invoice","dp_iva_r_ac[12] || supplier_annex_base[23]",""
"","100","tax","invoice","dp_iva[65] || dp_iva_r_ac[23]","chart_24321"
"","-100","tax","invoice","dp_iva[66] || dp_iva_r_ac[13]","chart_24331"
"","100","base","refund","+dp_base[41] || +dp_base[40]",""
"","100","tax","refund","dp_iva[41]","chart_24342"
"","-100","tax","refund","dp_iva[40]","chart_24341"
"iva9_p_im_ic","100","base","invoice","dp_iva_r_ac[12] || supplier_annex_base[20]",""
"","100","tax","invoice","dp_iva[65] || dp_iva_r_ac[20]","chart_24322"
"","-100","tax","invoice","dp_iva[66] || dp_iva_r_ac[13]","chart_24332"
"","100","base","refund","+dp_base[41] || +dp_base[40]",""
"","100","tax","refund","dp_iva[41]","chart_24342"
"","-100","tax","refund","dp_iva[40]","chart_24341"
"iva9_p_bi_i","100","base","invoice","dp_iva_r_ac[18] || supplier_annex_base[23]",""
"","100","tax","invoice","dp_iva[65] || dp_iva_r_ac[23]","chart_24321"
"","-100","tax","invoice","dp_iva[66] || dp_iva_r_ac[19]","chart_24331"
"","100","base","refund","+dp_base[41] || +dp_base[40]",""
"","100","tax","refund","dp_iva[41]","chart_24342"
"","-100","tax","refund","dp_iva[40]","chart_24341"
"iva9_p_im_i_isp","100","base","invoice","dp_iva_r_ac[18] || supplier_annex_base[20]",""
"","100","tax","invoice","dp_iva[65] || dp_iva_r_ac[20]","chart_24322"
"","-100","tax","invoice","dp_iva[66] || dp_iva_r_ac[19]","chart_24332"
"","100","base","refund","+dp_base[41] || +dp_base[40]",""
"","100","tax","refund","dp_iva[41]","chart_24342"
"","-100","tax","refund","dp_iva[40]","chart_24341"
"iva9_p_sp_ex_isp","100","base","invoice","dp_iva_r_ac[5] || dp_iva_r_ac[66] || supplier_annex_base[24]",""
"","100","tax","invoice","dp_iva[65] || dp_iva_r_ac[24]","chart_24323"
"","-100","tax","invoice","dp_iva[66] || dp_iva_r_ac[6]","chart_24333"
"","100","base","refund","+dp_base[41] || +dp_base[40]",""
"","100","tax","refund","dp_iva[41]","chart_24342"
"","-100","tax","refund","dp_iva[40]","chart_24341"
"iva4bens","100","base","invoice","dp_iva_r_ac[1]",""
"","100","tax","invoice","dp_iva[66] || dp_iva_r_ac[2]","chart_24331"
"","100","base","refund","+dp_base[40]",""
"","100","tax","refund","dp_iva[40]","chart_24341"
"iva4serv","100","base","invoice","dp_iva_r_ac[1]",""
"","100","tax","invoice","dp_iva[66] || dp_iva_r_ac[2]","chart_24333"
"","100","base","refund","+dp_base[40]",""
"","100","tax","refund","dp_iva[40]","chart_24341"
"iva4_p_im","100","base","invoice","supplier_annex_base[20]",""
"","100","tax","invoice","dp_iva[65] || dp_iva_r_ac[20]","chart_24322"
"","100","base","refund","+dp_base[41]",""
"","100","tax","refund","dp_iva[41]","chart_24342"
"iva4_p_bc","100","base","invoice","supplier_annex_base[21]",""
"","100","tax","invoice","dp_iva[65] || dp_iva_r_ac[21]","chart_24321"
"","100","base","refund","+dp_base[41]",""
"","100","tax","refund","dp_iva[41]","chart_24342"
"iva4_p_sc","100","base","invoice","supplier_annex_base[24]",""
"","100","tax","invoice","dp_iva[65] || dp_iva_r_ac[24]","chart_24323"
"","100","base","refund","+dp_base[41]",""
"","100","tax","refund","dp_iva[41]","chart_24342"
"iva4_p_s_ic","100","base","invoice","dp_iva_r_ac[16] || supplier_annex_base[24]",""
"","100","tax","invoice","dp_iva[65] || dp_iva_r_ac[24]","chart_24323"
"","-100","tax","invoice","dp_iva[66] ||dp_iva_r_ac[17]","chart_24333"
"","100","base","refund","+dp_base[41] || +dp_base[40]",""
"","100","tax","refund","dp_iva[41]","chart_24342"
"","-100","tax","refund","dp_iva[40]","chart_24341"
"iva4_p_bc_ic","100","base","invoice","dp_iva_r_ac[12] || supplier_annex_base[21]",""
"","100","tax","invoice","dp_iva[65] || dp_iva_r_ac[21]","chart_24321"
"","-100","tax","invoice","dp_iva[66] || dp_iva_r_ac[13]","chart_24331"
"","100","base","refund","+dp_base[41] || +dp_base[40]",""
"","100","tax","refund","dp_iva[41]","chart_24342"
"","-100","tax","refund","dp_iva[40]","chart_24341"
"iva4_p_im_ic","100","base","invoice","dp_iva_r_ac[12] || supplier_annex_base[20]",""
"","100","tax","invoice","dp_iva[65] || dp_iva_r_ac[20]","chart_24322"
"","-100","tax","invoice","dp_iva[66] || dp_iva_r_ac[13]","chart_24332"
"","100","base","refund","+dp_base[41] || +dp_base[40]",""
"","100","tax","refund","dp_iva[41]","chart_24342"
"","-100","tax","refund","dp_iva[40]","chart_24341"
"iva4_p_bi_i","100","base","invoice","dp_iva_r_ac[18] || supplier_annex_base[21]",""
"","100","tax","invoice","dp_iva[65] || dp_iva_r_ac[21]","chart_24321"
"","-100","tax","invoice","dp_iva[66] || dp_iva_r_ac[19]","chart_24331"
"","100","base","refund","+dp_base[41] || +dp_base[40]",""
"","100","tax","refund","dp_iva[41]","chart_24342"
"","-100","tax","refund","dp_iva[40]","chart_24341"
"iva4_p_im_i_isp","100","base","invoice","dp_iva_r_ac[18] || supplier_annex_base[20]",""
"","100","tax","invoice","dp_iva[65] || dp_iva_r_ac[20]","chart_24322"
"","-100","tax","invoice","dp_iva[66] || dp_iva_r_ac[19]","chart_24332"
"","100","base","refund","+dp_base[41] || +dp_base[40]",""
"","100","tax","refund","dp_iva[41]","chart_24342"
"","-100","tax","refund","dp_iva[40]","chart_24341"
"iva4_p_sp_ex_isp","100","base","invoice","dp_iva_r_ac[1] || dp_iva_r_ac[66] || supplier_annex_base[24]",""
"","100","tax","invoice","dp_iva[65] || dp_iva_r_ac[24]","chart_24323"
"","-100","tax","invoice","dp_iva[66] || dp_iva_r_ac[2]","chart_24333"
"","100","base","refund","+dp_base[41] || +dp_base[40]",""
"","100","tax","refund","dp_iva[41]","chart_24342"
"","-100","tax","refund","dp_iva[40]","chart_24341"
"iva22bens","100","base","invoice","dp_iva_r_ma[3]",""
"","100","tax","invoice","dp_iva[68] || dp_iva_r_ma[4]","chart_24331"
"","100","base","refund","+dp_base[40]",""
"","100","tax","refund","dp_iva[40]","chart_24341"
"iva22serv","100","base","invoice","dp_iva_r_ma[3]",""
"","100","tax","invoice","dp_iva[68] || dp_iva_r_ma[4]","chart_24333"
"","100","base","refund","+dp_base[40]",""
"","100","tax","refund","dp_iva[40]","chart_24341"
"iva22_p_im","100","base","invoice","supplier_annex_base[20]",""
"","100","tax","invoice","dp_iva[67] || dp_iva_r_ma[20]","chart_24322"
"","100","base","refund","+dp_base[41]",""
"","100","tax","refund","dp_iva[41]","chart_24342"
"iva22_p_bc","100","base","invoice","supplier_annex_base[22]",""
"","100","tax","invoice","dp_iva[67] || dp_iva_r_ma[22]","chart_24321"
"","100","base","refund","+dp_base[41]",""
"","100","tax","refund","dp_iva[41]","chart_24342"
"iva22_p_sc","100","base","invoice","supplier_annex_base[24]",""
"","100","tax","invoice","dp_iva[67] || dp_iva_r_ma[24]","chart_24323"
"","100","base","refund","+dp_base[41]",""
"","100","tax","refund","dp_iva[41]","chart_24342"
"iva22_p_s_ic","100","base","invoice","dp_iva_r_ma[16] || supplier_annex_base[24]",""
"","100","tax","invoice","dp_iva[67] || dp_iva_r_ma[24]","chart_24323"
"","-100","tax","invoice","dp_iva[68] || dp_iva_r_ma[17]","chart_24333"
"","100","base","refund","+dp_base[41] || +dp_base[40]",""
"","100","tax","refund","dp_iva[41]","chart_24342"
"","-100","tax","refund","dp_iva[40]","chart_24341"
"iva22_p_bc_ic","100","base","invoice","dp_iva_r_ma[12] || supplier_annex_base[22]",""
"","100","tax","invoice","dp_iva[67] || dp_iva_r_ma[22]","chart_24321"
"","-100","tax","invoice","dp_iva[68] || dp_iva_r_ma[13]","chart_24331"
"","100","base","refund","+dp_base[41] || +dp_base[40]",""
"","100","tax","refund","dp_iva[41]","chart_24342"
"","-100","tax","refund","dp_iva[40]","chart_24341"
"iva22_p_im_ic","100","base","invoice","dp_iva_r_ma[12] || supplier_annex_base[20]",""
"","100","tax","invoice","dp_iva[67] || dp_iva_r_ma[20]","chart_24322"
"","-100","tax","invoice","dp_iva[68] || dp_iva_r_ma[13]","chart_24332"
"","100","base","refund","+dp_base[41] || +dp_base[40]",""
"","100","tax","refund","dp_iva[41]","chart_24342"
"","-100","tax","refund","dp_iva[40]","chart_24341"
"iva22_p_bi_i","100","base","invoice","dp_iva_r_ma[18] || supplier_annex_base[22]",""
"","100","tax","invoice","dp_iva[67] || dp_iva_r_ma[22]","chart_24321"
"","-100","tax","invoice","dp_iva[68] || dp_iva_r_ma[19]","chart_24331"
"","100","base","refund","+dp_base[41] || +dp_base[40]",""
"","100","tax","refund","dp_iva[41]","chart_24342"
"","-100","tax","refund","dp_iva[40]","chart_24341"
"iva22_p_im_i_isp","100","base","invoice","dp_iva_r_ma[18] || supplier_annex_base[20]",""
"","100","tax","invoice","dp_iva[67] || dp_iva_r_ma[20]","chart_24322"
"","-100","tax","invoice","dp_iva[68] || dp_iva_r_ma[19]","chart_24332"
"","100","base","refund","+dp_base[41] || +dp_base[40]",""
"","100","tax","refund","dp_iva[41]","chart_24342"
"","-100","tax","refund","dp_iva[40]","chart_24341"
"iva22_p_sp_ex_isp","100","base","invoice","dp_iva_r_ma[3] || dp_iva_r_ma[66] || supplier_annex_base[24]",""
"","100","tax","invoice","dp_iva[67] || dp_iva_r_ma[24]","chart_24323"
"","-100","tax","invoice","dp_iva[68] || dp_iva_r_ma[4]","chart_24333"
"","100","base","refund","+dp_base[41] || +dp_base[40]",""
"","100","tax","refund","dp_iva[41]","chart_24342"
"","-100","tax","refund","dp_iva[40]","chart_24341"
"iva12bens","100","base","invoice","dp_iva_r_ma[5]",""
"","100","tax","invoice","dp_iva[68] || dp_iva_r_ma[6]","chart_24331"
"","100","base","refund","+dp_base[40]",""
"","100","tax","refund","dp_iva[40]","chart_24341"
"iva12serv","100","base","invoice","dp_iva_r_ma[5]",""
"","100","tax","invoice","dp_iva[68] || dp_iva_r_ma[6]","chart_24333"
"","100","base","refund","+dp_base[40]",""
"","100","tax","refund","dp_iva[40]","chart_24341"
"iva12_p_im","100","base","invoice","supplier_annex_base[20]",""
"","100","tax","invoice","dp_iva[67] || dp_iva_r_ma[20]","chart_24322"
"","100","base","refund","+dp_base[41]",""
"","100","tax","refund","dp_iva[41]","chart_24342"
"iva12_p_bc","100","base","invoice","supplier_annex_base[23]",""
"","100","tax","invoice","dp_iva[67] || dp_iva_r_ma[23]","chart_24321"
"","100","base","refund","+dp_base[41]",""
"","100","tax","refund","dp_iva[41]","chart_24342"
"iva12_p_sc","100","base","invoice","supplier_annex_base[24]",""
"","100","tax","invoice","dp_iva[67] || dp_iva_r_ma[24]","chart_24323"
"","100","base","refund","+dp_base[41]",""
"","100","tax","refund","dp_iva[41]","chart_24342"
"iva12_p_s_ic","100","base","invoice","dp_iva_r_ma[16] || supplier_annex_base[24]",""
"","100","tax","invoice","dp_iva[67] || dp_iva_r_ma[24]","chart_24323"
"","-100","tax","invoice","dp_iva[68] || dp_iva_r_ma[17]","chart_24333"
"","100","base","refund","+dp_base[41] || +dp_base[40]",""
"","100","tax","refund","dp_iva[41]","chart_24342"
"","-100","tax","refund","dp_iva[40]","chart_24341"
"iva12_p_bc_ic","100","base","invoice","dp_iva_r_ma[12] || supplier_annex_base[23]",""
"","100","tax","invoice","dp_iva[67] || dp_iva_r_ma[23]","chart_24321"
"","-100","tax","invoice","dp_iva[68] || dp_iva_r_ma[13]","chart_24331"
"","100","base","refund","+dp_base[41] || +dp_base[40]",""
"","100","tax","refund","dp_iva[41]","chart_24342"
"","-100","tax","refund","dp_iva[40]","chart_24341"
"iva12_p_im_ic","100","base","invoice","dp_iva_r_ma[12] || supplier_annex_base[20]",""
"","100","tax","invoice","dp_iva[67] || dp_iva_r_ma[20]","chart_24322"
"","-100","tax","invoice","dp_iva[68] || dp_iva_r_ma[13]","chart_24332"
"","100","base","refund","+dp_base[41] || +dp_base[40]",""
"","100","tax","refund","dp_iva[41]","chart_24342"
"","-100","tax","refund","dp_iva[40]","chart_24341"
"iva12_p_bi_i","100","base","invoice","dp_iva_r_ma[18] || supplier_annex_base[23]",""
"","100","tax","invoice","dp_iva[67] || dp_iva_r_ma[23]","chart_24321"
"","-100","tax","invoice","dp_iva[68] || dp_iva_r_ma[19]","chart_24331"
"","100","base","refund","+dp_base[41] || +dp_base[40]",""
"","100","tax","refund","dp_iva[41]","chart_24342"
"","-100","tax","refund","dp_iva[40]","chart_24341"
"iva12_p_im_i_isp","100","base","invoice","dp_iva_r_ma[18] || supplier_annex_base[20]",""
"","100","tax","invoice","dp_iva[67] || dp_iva_r_ma[20]","chart_24322"
"","-100","tax","invoice","dp_iva[68] || dp_iva_r_ma[19]","chart_24332"
"","100","base","refund","+dp_base[41] || +dp_base[40]",""
"","100","tax","refund","dp_iva[41]","chart_24342"
"","-100","tax","refund","dp_iva[40]","chart_24341"
"iva12_p_sp_ex_isp","100","base","invoice","dp_iva_r_ma[5] || dp_iva_r_ma[66] || supplier_annex_base[24]",""
"","100","tax","invoice","dp_iva[67] || dp_iva_r_ma[24]","chart_24323"
"","-100","tax","invoice","dp_iva[68] || dp_iva_r_ma[6]","chart_24333"
"","100","base","refund","+dp_base[41] || +dp_base[40]",""
"","100","tax","refund","dp_iva[41]","chart_24342"
"","-100","tax","refund","dp_iva[40]","chart_24341"
"iva4bens_ma","100","base","invoice","dp_iva_r_ma[1]",""
"","100","tax","invoice","dp_iva[68] || dp_iva_r_ma[2]","chart_24331"
"","100","base","refund","+dp_base[40]",""
"","100","tax","refund","dp_iva[40]","chart_24341"
"iva4serv_ma","100","base","invoice","dp_iva_r_ma[1]",""
"","100","tax","invoice","dp_iva[68] || dp_iva_r_ma[2]","chart_24333"
"","100","base","refund","+dp_base[40]",""
"","100","tax","refund","dp_iva[40]","chart_24341"
"iva4_p_im_ma","100","base","invoice","supplier_annex_base[20]",""
"","100","tax","invoice","dp_iva[67] || dp_iva_r_ma[20]","chart_24322"
"","100","base","refund","+dp_base[41]",""
"","100","tax","refund","dp_iva[41]","chart_24342"
"iva4_p_bc_ma","100","base","invoice","supplier_annex_base[21]",""
"","100","tax","invoice","dp_iva[67] || dp_iva_r_ma[21]","chart_24321"
"","100","base","refund","+dp_base[41]",""
"","100","tax","refund","dp_iva[41]","chart_24342"
"iva4_p_sc_ma","100","base","invoice","supplier_annex_base[24]",""
"","100","tax","invoice","dp_iva[67] || dp_iva_r_ma[24]","chart_24323"
"","100","base","refund","+dp_base[41]",""
"","100","tax","refund","dp_iva[41]","chart_24342"
"iva4_p_bi_i_ma","100","base","invoice","dp_iva_r_ma[18] || supplier_annex_base[21]",""
"","100","tax","invoice","dp_iva[67] || dp_iva_r_ma[21]","chart_24321"
"","-100","tax","invoice","dp_iva[68] || dp_iva_r_ma[19]","chart_24331"
"","100","base","refund","+dp_base[41] || +dp_base[40]",""
"","100","tax","refund","dp_iva[41]","chart_24342"
"","-100","tax","refund","dp_iva[40]","chart_24341"
"iva4_p_im_i_isp_ma","100","base","invoice","dp_iva_r_ma[18] || supplier_annex_base[20]",""
"","100","tax","invoice","dp_iva[67] || dp_iva_r_ma[20]","chart_24322"
"","-100","tax","invoice","dp_iva[68] || dp_iva_r_ma[19]","chart_24332"
"","100","base","refund","+dp_base[41] || +dp_base[40]",""
"","100","tax","refund","dp_iva[41]","chart_24342"
"","-100","tax","refund","dp_iva[40]","chart_24341"
"iva4_p_sp_ex_isp_ma","100","base","invoice","dp_iva_r_ma[1] || dp_iva_r_ma[66] || supplier_annex_base[24]",""
"","100","tax","invoice","dp_iva[67] || dp_iva_r_ma[24]","chart_24323"
"","-100","tax","invoice","dp_iva[68] || dp_iva_r_ma[2]","chart_24333"
"","100","base","refund","+dp_base[41] || +dp_base[40]",""
"","100","tax","refund","dp_iva[41]","chart_24342"
"","-100","tax","refund","dp_iva[40]","chart_24341"
"ret0_a","100","base","invoice","model10_table5[03] || +model30_table8[35]",""
"","100","tax","invoice","",""
"","100","base","refund","model10_table5[03] || +model30_table8[35]",""
"","100","tax","refund","",""
"ret20_a","100","base","invoice","model10_table5[03] || +model30_table8[35]",""
"","100","tax","invoice","model10[01] || model10_table5[06] || +model30_table6[09] ||  +model30_table6[40] || +model30_table8[37]","chart_2413"
"","100","base","refund","model10_table5[03] || +model30_table8[35]",""
"","100","tax","refund","model10[01] || model10_table5[06] || +model30_table6[09] ||  +model30_table6[40] || +model30_table8[37]","chart_2422"
"ret25_a","100","base","invoice","model10_table5[03] || +model30_table8[35]",""
"","100","tax","invoice","model10[01] || model10_table5[06] || +model30_table6[09] ||  +model30_table6[40] || +model30_table8[37]","chart_24211"
"","100","base","refund","model10_table5[03] || +model30_table8[35]",""
"","100","tax","refund","model10[01] || model10_table5[06] || +model30_table6[09] ||  +model30_table6[40] || +model30_table8[37]","chart_24211"
"ret35_a","100","base","invoice","model10_table5[03] || +model30_table8[35]",""
"","100","tax","invoice","model10[01] || model10_table5[06] || +model30_table6[09] ||  +model30_table6[40] || +model30_table8[37]","chart_24211"
"","100","base","refund","model10_table5[03] || +model30_table8[35]",""
"","100","tax","refund","model10[01] || model10_table5[06] || +model30_table6[09] ||  +model30_table6[40] || +model30_table8[37]","chart_24211"
"ret0_b","100","base","invoice","model10_table5[03] || +model30_table8[35]",""
"","100","tax","invoice","",""
"","100","base","refund","model10_table5[03] || +model30_table8[35]",""
"","100","tax","refund","",""
"ret11_5_b","100","base","invoice","model10_table5[03] || +model30_table8[35]",""
"","100","tax","invoice","model10[02] || model10_table5[06] || +model30_table6[10] || +model30_table6[11] || +model30_table6[14] || +model30_table8[37]","chart_2422"
"","100","base","refund","model10_table5[03] || +model30_table8[35]",""
"","100","tax","refund","model10[02] || model10_table5[06] || +model30_table6[10] || +model30_table6[11] || +model30_table6[14] || +model30_table8[37]","chart_2422"
"ret20_b","100","base","invoice","model10_table5[03] || +model30_table8[35]",""
"","100","tax","invoice","model10[02] || model10_table5[06] || +model30_table6[10] || +model30_table6[11] || +model30_table6[14] || +model30_table8[37]","chart_2422"
"","100","base","refund","model10_table5[03] || +model30_table8[35]",""
"","100","tax","refund","model10[02] || model10_table5[06] || +model30_table6[10] || +model30_table6[11] || +model30_table6[14] || +model30_table8[37]","chart_2422"
"ret16_5_b","100","base","invoice","model10_table5[03] || +model30_table8[35]",""
"","100","tax","invoice","model10[02] || model10_table5[06] || +model30_table6[10] || +model30_table6[11] || +model30_table6[14] || +model30_table8[37]","chart_2422"
"","100","base","refund","model10_table5[03] || +model30_table8[35]",""
"","100","tax","refund","model10[02] || model10_table5[06] || +model30_table6[10] || +model30_table6[11] || +model30_table6[14] || +model30_table8[37]","chart_2422"
"ret23_b","100","base","invoice","model10_table5[03] || +model30_table8[35]",""
"","100","tax","invoice","model10[02] || model10_table5[06] || +model30_table6[10] || +model30_table6[11] || +model30_table6[14] || +model30_table8[37]","chart_2422"
"","100","base","refund","model10_table5[03] || +model30_table8[35]",""
"","100","tax","refund","model10[02] || model10_table5[06] || +model30_table6[10] || +model30_table6[11] || +model30_table6[14] || +model30_table8[37]","chart_2422"
"ret35_b","100","base","invoice","model10_table5[03] || +model30_table8[35]",""
"","100","tax","invoice","model10[02] || model10_table5[06] || +model30_table6[10] || +model30_table6[11] || +model30_table6[14] || +model30_table8[37]","chart_2422"
"","100","base","refund","model10_table5[03] || +model30_table8[35]",""
"","100","tax","refund","model10[02] || model10_table5[06] || +model30_table6[10] || +model30_table6[11] || +model30_table6[14] || +model30_table8[37]","chart_2422"
"ret0_e","100","base","invoice","model10_table5[03] || +model30_table8[35]",""
"","100","tax","invoice","",""
"","100","base","refund","model10_table5[03] || +model30_table8[35]",""
"","100","tax","refund","",""
"ret25_e","100","base","invoice","model10_table5[03] || +model30_table8[35]",""
"","100","tax","invoice","model10[03] || model10_table5[06] || +model30_table6[06] || +model30_table6[07] || +model30_table6[08] || +model30_table8[37]","chart_24231"
"","100","base","refund","model10_table5[03] || +model30_table8[35]",""
"","100","tax","refund","model10[03] || model10_table5[06] || +model30_table6[06] || +model30_table6[07] || +model30_table6[08] || +model30_table8[37]","chart_24231"
"ret25_e_irc","100","base","invoice","model10_table5[03] || +model30_table8[35]",""
"","100","tax","invoice","-model10[08] || model10_table5[06] || +model30_table6[06] || +model30_table6[07] || +model30_table6[08] || +model30_table8[37]","chart_2414"
"","100","base","refund","model10_table5[03] || +model30_table8[35]",""
"","100","tax","refund","-model10[08] || model10_table5[06] || +model30_table6[06] || +model30_table6[07] || +model30_table6[08] || +model30_table8[37]","chart_2414"
"ret35_e","100","base","invoice","model10_table5[03] || +model30_table8[35]",""
"","100","tax","invoice","model10[03] || model10_table5[06] || +model30_table6[06] || +model30_table6[07] || +model30_table6[08] || +model30_table8[37]","chart_24231"
"","100","base","refund","model10_table5[03] || +model30_table8[35]",""
"","100","tax","refund","model10[03] || model10_table5[06] || +model30_table6[06] || +model30_table6[07] || +model30_table6[08] || +model30_table8[37]","chart_24231"
"ret28_e","100","base","invoice","model10_table5[03] || +model30_table8[35]",""
"","100","tax","invoice","model10[03] || model10_table5[06] || +model30_table6[06] || +model30_table6[07] || +model30_table6[08] || +model30_table8[37]","chart_24231"
"","100","base","refund","model10_table5[03] || +model30_table8[35]",""
"","100","tax","refund","model10[03] || model10_table5[06] || +model30_table6[06] || +model30_table6[07] || +model30_table6[08] || +model30_table8[37]","chart_24231"
"ret0_f","100","base","invoice","model10_table5[03] || +model30_table8[35]",""
"","100","tax","invoice","",""
"","100","base","refund","model10_table5[03] || +model30_table8[35]",""
"","100","tax","refund","",""
"ret25_f","100","base","invoice","model10_table5[03] || +model30_table8[35]",""
"","100","tax","invoice","model10[05] || model10_table5[06] || +model30_table6[12] || +model30_table8[37]","chart_24241"
"","100","base","refund","model10_table5[03] || +model30_table8[35]",""
"","100","tax","refund","model10[05] || model10_table5[06] || +model30_table6[12] || +model30_table8[37]","chart_24241"
"ret25_f_irc","100","base","invoice","model10_table5[03] || +model30_table8[35]",""
"","100","tax","invoice","-model10[08] || model10_table5[06] || +model30_table6[12] || +model30_table8[37]","chart_2414"
"","100","base","refund","model10_table5[03] || +model30_table8[35]",""
"","100","tax","refund","-model10[08] || model10_table5[06] || +model30_table6[12] || +model30_table8[37]","chart_2414"
"ret20_f","100","base","invoice","model10_table5[03] || +model30_table8[35]",""
"","100","tax","invoice","model10[05] || model10_table5[06] || +model30_table6[12] || +model30_table8[37]","chart_24241"
"","100","base","refund","model10_table5[03] || +model30_table8[35]",""
"","100","tax","refund","model10[05] || model10_table5[06] || +model30_table6[12] || +model30_table8[37]","chart_24241"
"ret0_g","100","base","invoice","model10_table5[03] || +model30_table8[35]",""
"","100","tax","invoice","",""
"","100","base","refund","model10_table5[03] || +model30_table8[35]",""
"","100","tax","refund","",""
"ret25_g","100","base","invoice","model10_table5[03] || +model30_table8[35]",""
"","100","tax","invoice","model10[06] || model10_table5[06] || +model30_table6[16] || +model30_table8[37]","chart_2425"
"","100","base","refund","model10_table5[03] || +model30_table8[35]",""
"","100","tax","refund","model10[06] || model10_table5[06] || +model30_table6[16] || +model30_table8[37]","chart_2425"
"ret35_g","100","base","invoice","model10_table5[03] || +model30_table8[35]",""
"","100","tax","invoice","model10[06] || model10_table5[06] || +model30_table6[16] || +model30_table8[37]","chart_2425"
"","100","base","refund","model10_table5[03] || +model30_table8[35]",""
"","100","tax","refund","model10[06] || model10_table5[06] || +model30_table6[16] || +model30_table8[37]","chart_2425"
"ret0_h","100","base","invoice","model10_table5[03] || +model30_table8[35]",""
"","100","tax","invoice","",""
"","100","base","refund","model10_table5[03] || +model30_table8[35]",""
"","100","tax","refund","",""
"ret25_h","100","base","invoice","model10_table5[03] || +model30_table8[35]",""
"","100","tax","invoice","model10[07] || model10_table5[06] || +model30_table6[13] || +model30_table8[37] || +model30_table6[41]","chart_2426"
"","100","base","refund","model10_table5[03] || +model30_table8[35]",""
"","100","tax","refund","model10[07] || model10_table5[06] || +model30_table6[13] || +model30_table8[37] || +model30_table6[41]","chart_2426"
"ret35_h","100","base","invoice","model10_table5[03] || +model30_table8[35]",""
"","100","tax","invoice","model10[07] || model10_table5[06] || +model30_table6[13] || +model30_table8[37] || +model30_table6[41]","chart_2426"
"","100","base","refund","model10_table5[03] || +model30_table8[35]",""
"","100","tax","refund","model10[07] || model10_table5[06] || +model30_table6[13] || +model30_table8[37] || +model30_table6[41]","chart_2426"
"iva0_m35","100","base","invoice","dp_iva[1] || dp_iva[102] || supplier_annex_base[24]",""
"","100","tax","invoice","dp_iva[24]","chart_24323"
"","-100","tax","invoice","dp_iva[2]","chart_24333"
"","100","base","refund","+dp_base[41] || +dp_base[40]",""
"","100","tax","refund","dp_iva[41]","chart_24342"
"","-100","tax","refund","dp_iva[40]","chart_24341"
"iva0_m35_sale","100","base","invoice","dp_iva[8]",""
"","100","tax","invoice","",""
"","100","base","refund","dp_iva[8]",""
"","100","tax","refund","",""
