"id","name","description","invoice_label","sequence","amount","amount_type","type_tax_use","tax_group_id","active","tax_scope","l10n_pt_tax_code","l10n_pt_tax_type","country_region","exemption_id","description@pt","fiscal_position_ids","original_tax_ids"
"iva23bens","IVA 23% (Bens)","IVA23","IVA23","0","23","percent","sale","tax_group_iva_23","","consu","NOR","IVA","PT","","","fiscal_position_acores,fiscal_position_madeira,fiscal_position_national_customers","iva23bens"
"iva23serv","IVA 23% (Serviços)","IVA23","IVA23","1","23","percent","sale","tax_group_iva_23","","service","NOR","IVA","PT","","","",""
"iva13bens","IVA 13% (Bens)","IVA13","IVA13","2","13","percent","sale","tax_group_iva_13","","consu","INT","IVA","PT","","","fiscal_position_acores,fiscal_position_madeira,fiscal_position_national_customers","iva13bens"
"iva13serv","IVA 13% (Serviços)","IVA13","IVA13","3","13","percent","sale","tax_group_iva_13","","service","INT","IVA","PT","","","",""
"iva6bens","IVA 6% (Bens)","IVA6","IVA6","4","6","percent","sale","tax_group_iva_6","","consu","RED","IVA","PT","","","fiscal_position_acores,fiscal_position_madeira,fiscal_position_national_customers","iva6bens"
"iva6serv","IVA 6% (Serviços)","IVA6","IVA6","5","6","percent","sale","tax_group_iva_6","","service","RED","IVA","PT","","","",""
"iva23_p_bc","IVA 23% (Bens)","IVA23","IVA23","6","23","percent","purchase","tax_group_iva_23","","consu","NOR","IVA","PT","","","",""
"iva23_p_sc","IVA 23% (Serviços)","IVA23","IVA23","7","23","percent","purchase","tax_group_iva_23","","service","NOR","IVA","PT","","","fiscal_position_acores,fiscal_position_madeira","iva16_p_sc,iva22_p_sc"
"iva23_p_im","IVA 23% (Imobilizado)","IVA23","IVA23","8","23","percent","purchase","tax_group_iva_23","","","NOR","IVA","PT","","","",""
"iva13_p_bc","IVA 13% (Bens)","IVA13","IVA13","9","13","percent","purchase","tax_group_iva_13","","consu","INT","IVA","PT","","","",""
"iva13_p_sc","IVA 13% (Serviços)","IVA13","IVA13","10","13","percent","purchase","tax_group_iva_13","","service","INT","IVA","PT","","","fiscal_position_acores,fiscal_position_madeira","iva12_p_sc,iva9_p_sc"
"iva13_p_im","IVA 13% (Imobilizado)","IVA13","IVA13","11","13","percent","purchase","tax_group_iva_13","","","INT","IVA","PT","","","",""
"iva6_p_bc","IVA 6% (Bens)","IVA6","IVA6","12","6","percent","purchase","tax_group_iva_6","","consu","RED","IVA","PT","","","",""
"iva6_p_sc","IVA 6% (Serviços)","IVA6","IVA6","13","6","percent","purchase","tax_group_iva_6","","service","RED","IVA","PT","","","fiscal_position_acores,fiscal_position_madeira","iva4_p_sc,iva4_p_sc_ma"
"iva6_p_im","IVA 6% (Imobilizado)","IVA6","IVA6","14","6","percent","purchase","tax_group_iva_6","","","RED","IVA","PT","","","",""
"iva0_p","IVA 0%","IVA0","IVA0","15","0","percent","purchase","tax_group_iva_0","","","","IVA","PT","","","",""
"iva0_m01","IVA 0% Artigo 16.º n.º 6 do CIVA","IVA0 - M01","IVA0 - M01","16","0","percent","sale","tax_group_iva_0","","","ISE","IVA","PT","l10n_pt_certificate.m01","","",""
"iva0_m02","IVA 0% Artigo 6.º do Decreto-Lei n.º 198","IVA0 - M02","IVA0 - M02","17","0","percent","sale","tax_group_iva_0","","","ISE","IVA","PT","l10n_pt_certificate.m02","","",""
"iva0_m03","IVA 0% Exigibilidade de caixa","IVA0 - M03","IVA0 - M03","18","0","percent","sale","tax_group_iva_0","","","ISE","IVA","PT","l10n_pt_certificate.m03","","",""
"iva0_m04","IVA 0% Isento Artigo 13.º do CIVA","IVA0 - M04","IVA0 - M04","19","0","percent","sale","tax_group_iva_0","","","ISE","IVA","PT","l10n_pt_certificate.m04","","",""
"iva0_m05","IVA 0% Isento Artigo 14.º do CIVA","IVA0 - M05","IVA0 - M05","20","0","percent","sale","tax_group_iva_0","","","ISE","IVA","PT","l10n_pt_certificate.m05","","fiscal_position_foreign_other","iva12bens,iva12serv,iva13bens,iva16bens,iva16serv,iva22bens,iva22serv,iva23bens,iva4bens,iva4bens_ma,iva4serv,iva4serv_ma,iva6bens,iva9bens,iva9serv"
"iva0_m06","IVA 0% Isento Artigo 15.º do CIVA","IVA0 - M06","IVA0 - M06","21","0","percent","sale","tax_group_iva_0","","","ISE","IVA","PT","l10n_pt_certificate.m06","","",""
"iva0_m07","IVA 0% Isento Artigo 9.º do CIVA","IVA0 - M07","IVA0 - M07","22","0","percent","sale","tax_group_iva_0","","","ISE","IVA","PT","l10n_pt_certificate.m07","","",""
"iva0_m08","IVA 0% Autoliquidação - M08","IVA0 - M08","IVA0 - M08","23","0","percent","sale","tax_group_iva_0","False","","ISE","IVA","PT","l10n_pt_certificate.m08","","",""
"iva0_m09","IVA 0% não confere direito a dedução","IVA0 - M09","IVA0 - M09","24","0","percent","sale","tax_group_iva_0","","","ISE","IVA","PT","l10n_pt_certificate.m09","","",""
"iva0_m10","IVA 0% Regime de isenção","IVA0 - M10","IVA0 - M10","25","0","percent","sale","tax_group_iva_0","","","ISE","IVA","PT","l10n_pt_certificate.m10","","",""
"iva0_m11","IVA 0% Regime particular do tabaco","IVA0 - M11","IVA0 - M11","26","0","percent","sale","tax_group_iva_0","","","ISE","IVA","PT","l10n_pt_certificate.m11","","",""
"iva0_m12","IVA 0% Regime da margem de lucro - Agências de Viagens","IVA0 - M12","IVA0 - M12","27","0","percent","sale","tax_group_iva_0","","","ISE","IVA","PT","l10n_pt_certificate.m12","","",""
"iva0_m13","IVA 0% Regime da margem de lucro - Bens em segunda mão","IVA0 - M13","IVA0 - M13","28","0","percent","sale","tax_group_iva_0","","","ISE","IVA","PT","l10n_pt_certificate.m13","","",""
"iva0_m14","IVA 0% Regime da margem de lucro - Objetos de arte","IVA0 - M14","IVA0 - M14","29","0","percent","sale","tax_group_iva_0","","","ISE","IVA","PT","l10n_pt_certificate.m14","","",""
"iva0_m15","IVA 0% Regime da margem de lucro - Objetos de coleção e antiguidades","IVA0 - M15","IVA0 - M15","30","0","percent","sale","tax_group_iva_0","","","ISE","IVA","PT","l10n_pt_certificate.m15","","",""
"iva0_m16","IVA 0% Isento Artigo 14.º do RITI","IVA0 - M16","IVA0 - M16","31","0","percent","sale","tax_group_iva_0","","","ISE","IVA","PT","l10n_pt_certificate.m16","","fiscal_position_foreign_eu","iva12bens,iva12serv,iva13bens,iva16bens,iva16serv,iva22bens,iva22serv,iva23bens,iva4bens,iva4bens_ma,iva4serv,iva4serv_ma,iva6bens,iva9bens,iva9serv"
"iva0_m19","IVA 0% Outras isenções","IVA0 - M19","IVA0 - M19","32","0","percent","sale","tax_group_iva_0","","","ISE","IVA","PT","l10n_pt_certificate.m19","","",""
"iva0_m20","IVA 0% Regime forfetário","IVA0 - M20","IVA0 - M20","33","0","percent","sale","tax_group_iva_0","","","ISE","IVA","PT","l10n_pt_certificate.m20","","",""
"iva0_m21","IVA 0% não confere direito à dedução (ou expressão similar)","IVA0 - M21","IVA0 - M21","34","0","percent","sale","tax_group_iva_0","","","ISE","IVA","PT","l10n_pt_certificate.m21","","",""
"iva0_m25","IVA 0% Mercadorias à consignação","IVA0 - M25","IVA0 - M25","35","0","percent","sale","tax_group_iva_0","","","ISE","IVA","PT","l10n_pt_certificate.m25","","",""
"iva0_m99","IVA 0% Não sujeito; Não Tributado","IVA0 - M99","IVA0 - M99","36","0","percent","sale","tax_group_iva_0","","","ISE","IVA","PT","l10n_pt_certificate.m99","","",""
"iva23_p_bc_ic","IVA 23% (Bens intracomunitários com ISP)","IVA23","IVA23","37","23","percent","purchase","tax_group_iva_23","","consu","NOR","IVA","PT","","","fiscal_position_foreign_eu","iva23_p_bc"
"iva23_p_s_ic","IVA 23% (Serviços intracomunitários com ISP)","IVA23","IVA23","38","23","percent","purchase","tax_group_iva_23","","service","NOR","IVA","PT","","","fiscal_position_foreign_eu","iva23_p_sc"
"iva23_p_im_ic","IVA 23% (Imobilizados intracomunitários com ISP)","IVA23","IVA23","39","23","percent","purchase","tax_group_iva_23","","","NOR","IVA","PT","","","fiscal_position_foreign_eu","iva23_p_im"
"iva13_p_bi_ic","IVA 13% (Bens intracomunitários com ISP)","IVA13","IVA13","40","13","percent","purchase","tax_group_iva_13","","consu","INT","IVA","PT","","","fiscal_position_foreign_eu","iva13_p_bc"
"iva13_p_s_ic_isp","IVA 13% (Serviços intracomunitários com ISP)","IVA13","IVA13","41","13","percent","purchase","tax_group_iva_13","","service","INT","IVA","PT","","","fiscal_position_foreign_eu","iva13_p_sc"
"iva13_p_im_ic","IVA 13% (Imobilizados intracomunitários com ISP)","IVA13","IVA13","42","13","percent","purchase","tax_group_iva_13","","","INT","IVA","PT","","","fiscal_position_foreign_eu","iva13_p_im"
"iva6_p_bi_ic","IVA 6% (Bens intracomunitários com ISP)","IVA6","IVA6","43","6","percent","purchase","tax_group_iva_6","","consu","RED","IVA","PT","","","fiscal_position_foreign_eu","iva6_p_bc"
"iva6_p_s_ic_isp","IVA 6% (Serviços intracomunitários com ISP)","IVA6","IVA6","44","6","percent","purchase","tax_group_iva_6","","service","RED","IVA","PT","","","fiscal_position_foreign_eu","iva6_p_sc"
"iva6_p_im_ic","IVA 6% (Imobilizados intracomunitários com ISP)","IVA6","IVA6","45","6","percent","purchase","tax_group_iva_6","","","RED","IVA","PT","","","fiscal_position_foreign_eu","iva6_p_im"
"iva23_p_bi_i","IVA 23% (Importação de bens com ISP)","IVA23","IVA23","46","23","percent","purchase","tax_group_iva_23","","consu","NOR","IVA","PT","","","fiscal_position_foreign_other","iva23_p_bc"
"iva23_p_sp_ex_isp","IVA 23% (Serviços extracomunitários com ISP)","IVA23","IVA23","47","23","percent","purchase","tax_group_iva_23","","service","NOR","IVA","PT","","","fiscal_position_foreign_other","iva23_p_sc"
"iva23_p_im_i_isp","IVA 23% (Importação de imobilizado com ISP)","IVA23","IVA23","48","23","percent","purchase","tax_group_iva_23","","","NOR","IVA","PT","","","fiscal_position_foreign_other","iva23_p_im"
"iva13_p_bi_i","IVA 13% (Importação de bens com ISP)","IVA13","IVA13","49","13","percent","purchase","tax_group_iva_13","","consu","INT","IVA","PT","","","fiscal_position_foreign_other","iva13_p_bc"
"iva13_p_sp_ex_isp","IVA 13% (Serviços extracomunitários com ISP)","IVA13","IVA13","50","13","percent","purchase","tax_group_iva_13","","service","INT","IVA","PT","","","fiscal_position_foreign_other","iva13_p_sc"
"iva13_p_im_i_isp","IVA 13% (Importação de imobilizado com ISP)","IVA13","IVA13","51","13","percent","purchase","tax_group_iva_13","","","INT","IVA","PT","","","fiscal_position_foreign_other","iva13_p_im"
"iva6_p_bi_i","IVA 6% (Importação de Bens com ISP)","IVA6","IVA6","52","6","percent","purchase","tax_group_iva_6","","consu","RED","IVA","PT","","","fiscal_position_foreign_other","iva6_p_bc"
"iva6_p_sp_ex_isp","IVA 6% (Serviços extracomunitários com ISP)","IVA6","IVA6","53","6","percent","purchase","tax_group_iva_6","","service","RED","IVA","PT","","","fiscal_position_foreign_other","iva6_p_sc"
"iva6_p_im_i_isp","IVA 6% (Importação de imobilizado com ISP)","IVA6","IVA6","54","6","percent","purchase","tax_group_iva_6","","","RED","IVA","PT","","","fiscal_position_foreign_other","iva6_p_im"
"iva23_p_gasoleo_vlpm_0","IVA 23% (Gasóleo) VLPM - Sujeito a TA (0%)","IVA23","IVA23","55","23","percent","purchase","tax_group_iva_23","","service","NOR","IVA","PT","","","",""
"iva23_p_gasoleo_vlpm_8","IVA 23% (Gasóleo) VLPM - Sujeito a TA (8%)","IVA23","IVA23","56","23","percent","purchase","tax_group_iva_23","","service","NOR","IVA","PT","","","",""
"iva23_p_gasoleo_vlpm_25","IVA 23% (Gasóleo) VLPM - Sujeito a TA (25%)","IVA23","IVA23","57","23","percent","purchase","tax_group_iva_23","","service","NOR","IVA","PT","","","",""
"iva23_p_gasoleo_vlpm_32","IVA 23% (Gasóleo) VLPM - Sujeito a TA (32%)","IVA23","IVA23","58","23","percent","purchase","tax_group_iva_23","","service","NOR","IVA","PT","","","",""
"iva23_p_gasoleo_vlphp_0","IVA 23% (Gasóleo) VLPHP - Sujeito a TA (0%)","IVA23","IVA23","59","23","percent","purchase","tax_group_iva_23","","service","NOR","IVA","PT","","","",""
"iva23_p_gasoleo_vlphp_2_5","IVA 23% (Gasóleo) VLPHP - Sujeito a TA (2,5%)","IVA23","IVA23","60","23","percent","purchase","tax_group_iva_23","","service","NOR","IVA","PT","","","",""
"iva23_p_gasoleo_vlphp_7_5","IVA 23% (Gasóleo) VLPHP - Sujeito a TA (7,5%)","IVA23","IVA23","61","23","percent","purchase","tax_group_iva_23","","service","NOR","IVA","PT","","","",""
"iva23_p_gasoleo_vlphp_15","IVA 23% (Gasóleo) VLPHP - Sujeito a TA (15%)","IVA23","IVA23","62","23","percent","purchase","tax_group_iva_23","","service","NOR","IVA","PT","","","",""
"iva23_p_gasoleo_gpl_0","IVA 23% (Gasóleo) GPL ou GNV - Sujeito a TA (0%)","IVA23","IVA23","63","23","percent","purchase","tax_group_iva_23","","service","NOR","IVA","PT","","","",""
"iva23_p_gasoleo_gpl_2_5","IVA 23% (Gasóleo) GPL ou GNV - Sujeito a TA (2,5%)","IVA23","IVA23","64","23","percent","purchase","tax_group_iva_23","","service","NOR","IVA","PT","","","",""
"iva23_p_gasoleo_gpl_7_5","IVA 23% (Gasóleo) GPL ou GNV - Sujeito a TA (7,5%)","IVA23","IVA23","65","23","percent","purchase","tax_group_iva_23","","service","NOR","IVA","PT","","","",""
"iva23_p_gasoleo_gpl_15","IVA 23% (Gasóleo) GPL ou GNV - Sujeito a TA (15%)","IVA23","IVA23","66","23","percent","purchase","tax_group_iva_23","","service","NOR","IVA","PT","","","",""
"iva23_p_gasolina_vlpm_0","IVA 23% (Gasolina) VLPM - Sujeito a TA (0%)","IVA23","IVA23","67","23","percent","purchase","tax_group_iva_23","","service","NOR","IVA","PT","","","",""
"iva23_p_gasolina_vlpm_8","IVA 23% (Gasolina) VLPM - Sujeito a TA (8%)","IVA23","IVA23","68","23","percent","purchase","tax_group_iva_23","","service","NOR","IVA","PT","","","",""
"iva23_p_gasolina_vlpm_25","IVA 23% (Gasolina) VLPM - Sujeito a TA (25%)","IVA23","IVA23","69","23","percent","purchase","tax_group_iva_23","","service","NOR","IVA","PT","","","",""
"iva23_p_gasolina_vlpm_32","IVA 23% (Gasolina) VLPM - Sujeito a TA (32%)","IVA23","IVA23","70","23","percent","purchase","tax_group_iva_23","","service","NOR","IVA","PT","","","",""
"iva23_p_gasolina_vlphp_0","IVA 23% (Gasolina) VLPHP - Sujeito a TA (0%)","IVA23","IVA23","71","23","percent","purchase","tax_group_iva_23","","service","NOR","IVA","PT","","","",""
"iva23_p_gasolina_vlphp_2_5","IVA 23% (Gasolina) VLPHP - Sujeito a TA (2,5%)","IVA23","IVA23","72","23","percent","purchase","tax_group_iva_23","","service","NOR","IVA","PT","","","",""
"iva23_p_gasolina_vlphp_7_5","IVA 23% (Gasolina) VLPHP - Sujeito a TA (7,5%)","IVA23","IVA23","73","23","percent","purchase","tax_group_iva_23","","service","NOR","IVA","PT","","","",""
"iva23_p_gasolina_vlphp_15","IVA 23% (Gasolina) VLPHP - Sujeito a TA (15%)","IVA23","IVA23","74","23","percent","purchase","tax_group_iva_23","","service","NOR","IVA","PT","","","",""
"iva23_p_gasolina_gpl_0","IVA 23% (Gasolina) GPL ou GNV - Sujeito a TA (0%)","IVA23","IVA23","75","23","percent","purchase","tax_group_iva_23","","service","NOR","IVA","PT","","","",""
"iva23_p_gasolina_gpl_2_5","IVA 23% (Gasolina) GPL ou GNV - Sujeito a TA (2,5%)","IVA23","IVA23","76","23","percent","purchase","tax_group_iva_23","","service","NOR","IVA","PT","","","",""
"iva23_p_gasolina_gpl_7_5","IVA 23% (Gasolina) GPL ou GNV - Sujeito a TA (7,5%)","IVA23","IVA23","77","23","percent","purchase","tax_group_iva_23","","service","NOR","IVA","PT","","","",""
"iva23_p_gasolina_gpl_15","IVA 23% (Gasolina) GPL ou GNV - Sujeito a TA (15%)","IVA23","IVA23","78","23","percent","purchase","tax_group_iva_23","","service","NOR","IVA","PT","","","",""
"iva0_m30_sale","IVA 0% Autoliquidação - M30 (Vendas)","IVA0 - M30","IVA0 - M30","79","0","percent","sale","tax_group_iva_0","","","ISE","IVA","PT","l10n_pt_certificate.m30","","",""
"iva0_m31_sale","IVA 0% Autoliquidação - M31 (Vendas)","IVA0 - M31","IVA0 - M31","80","0","percent","sale","tax_group_iva_0","","","ISE","IVA","PT","l10n_pt_certificate.m31","","",""
"iva0_m32_sale","IVA 0% Autoliquidação - M32 (Vendas)","IVA0 - M32","IVA0 - M32","81","0","percent","sale","tax_group_iva_0","","","ISE","IVA","PT","l10n_pt_certificate.m32","","",""
"iva0_m33_sale","IVA 0% Autoliquidação - M33 (Vendas)","IVA0 - M33","IVA0 - M33","82","0","percent","sale","tax_group_iva_0","","","ISE","IVA","PT","l10n_pt_certificate.m33","","",""
"iva0_m40_sale_intra","IVA 0% Autoliquidação - M40 Intracomunitário","IVA0 - M40","IVA0 - M40","83","0","percent","sale","tax_group_iva_0","","","ISE","IVA","PT","l10n_pt_certificate.m40","","fiscal_position_foreign_eu","iva13serv,iva23serv,iva6serv"
"iva0_m40_sale_extra","IVA 0% Autoliquidação - M40 Extracomunitário","IVA0 - M40","IVA0 - M40","84","0","percent","sale","tax_group_iva_0","","","ISE","IVA","PT","l10n_pt_certificate.m40","","fiscal_position_foreign_other","iva23serv,iva13serv,iva6serv"
"iva0_m41_sale","IVA 0% Autoliquidação - M41 (Vendas)","IVA0 - M41","IVA0 - M41","85","0","percent","sale","tax_group_iva_0","","","ISE","IVA","PT","l10n_pt_certificate.m41","","",""
"iva0_m42_sale","IVA 0% Autoliquidação - M42 (Vendas)","IVA0 - M42","IVA0 - M42","86","0","percent","sale","tax_group_iva_0","","","ISE","IVA","PT","l10n_pt_certificate.m42","","",""
"iva0_m43_sale","IVA 0% Autoliquidação - M43 (Vendas)","IVA0 - M43","IVA0 - M43","87","0","percent","sale","tax_group_iva_0","","","ISE","IVA","PT","l10n_pt_certificate.m43","","",""
"iva0_m30","IVA 0% Autoliquidação - M30","IVA0 - M30","IVA0 - M30","88","23","percent","purchase","tax_group_iva_0","","","ISE","IVA","PT","l10n_pt_certificate.m30","","",""
"iva0_m31","IVA 0% Autoliquidação - M31","IVA0 - M31","IVA0 - M31","89","23","percent","purchase","tax_group_iva_0","","","ISE","IVA","PT","l10n_pt_certificate.m31","","",""
"iva0_m32","IVA 0% Autoliquidação - M32","IVA0 - M32","IVA0 - M32","90","23","percent","purchase","tax_group_iva_0","","","ISE","IVA","PT","l10n_pt_certificate.m32","","",""
"iva0_m33","IVA 0% Autoliquidação - M33","IVA0 - M33","IVA0 - M33","91","23","percent","purchase","tax_group_iva_0","","","ISE","IVA","PT","l10n_pt_certificate.m33","","",""
"iva0_m40_ic","IVA 0% Autoliquidação - M40 (intracomunitário)","IVA0 - M40","IVA0 - M40","92","0","percent","purchase","tax_group_iva_0","","","ISE","IVA","PT","l10n_pt_certificate.m40","","",""
"iva0_m40_ex","IVA 0% Autoliquidação - M40 (extracomunitário)","IVA0 - M40","IVA0 - M40","93","0","percent","purchase","tax_group_iva_0","","","ISE","IVA","PT","l10n_pt_certificate.m40","","",""
"iva0_m41","IVA 0% Autoliquidação - M41","IVA0 - M41","IVA0 - M41","94","23","percent","purchase","tax_group_iva_0","","","ISE","IVA","PT","l10n_pt_certificate.m41","","",""
"iva0_m42","IVA 0% Autoliquidação - M42","IVA0 - M42","IVA0 - M42","95","23","percent","purchase","tax_group_iva_0","","","ISE","IVA","PT","l10n_pt_certificate.m42","","",""
"iva0_m43","IVA 0% Autoliquidação - M43","IVA0 - M43","IVA0 - M43","96","23","percent","purchase","tax_group_iva_0","","","ISE","IVA","PT","l10n_pt_certificate.m43","","",""
"iva16bens","IVA 16% (Bens)","IVA16","IVA16","97","16","percent","sale","tax_group_iva_16","","consu","NOR","IVA","PT-AC","","","fiscal_position_acores","iva23bens"
"iva16serv","IVA 16% (Serviços)","IVA16","IVA16","98","16","percent","sale","tax_group_iva_16","","service","NOR","IVA","PT-AC","","","fiscal_position_acores","iva23serv"
"iva9bens","IVA 9% (Bens)","IVA9","IVA9","99","9","percent","sale","tax_group_iva_9","","consu","INT","IVA","PT-AC","","","fiscal_position_acores","iva13bens"
"iva9serv","IVA 9% (Serviços)","IVA9","IVA9","100","9","percent","sale","tax_group_iva_9","","service","INT","IVA","PT-AC","","","fiscal_position_acores","iva13serv"
"iva4bens","IVA 4% (Bens)","IVA4","IVA4","101","4","percent","sale","tax_group_iva_4","","consu","RED","IVA","PT-AC","","","fiscal_position_acores","iva6bens"
"iva4serv","IVA 4% (Serviços)","IVA4","IVA4","102","4","percent","sale","tax_group_iva_4","","service","RED","IVA","PT-AC","","","fiscal_position_acores","iva6serv"
"iva16_p_bc","IVA 16% (Bens)","IVA16","IVA16","103","16","percent","purchase","tax_group_iva_16","","consu","NOR","IVA","PT-AC","","","fiscal_position_acores","iva23_p_bc"
"iva16_p_sc","IVA 16% (Serviços)","IVA16","IVA16","104","16","percent","purchase","tax_group_iva_16","","service","NOR","IVA","PT-AC","","","",""
"iva16_p_im","IVA 16% (Imobilizado)","IVA16","IVA16","105","16","percent","purchase","tax_group_iva_16","","","NOR","IVA","PT-AC","","","fiscal_position_acores","iva23_p_im"
"iva9_p_bc","IVA 9% (Bens)","IVA9","IVA9","106","9","percent","purchase","tax_group_iva_9","","consu","INT","IVA","PT-AC","","","fiscal_position_acores","iva13_p_bc"
"iva9_p_sc","IVA 9% (Serviços)","IVA9","IVA9","107","9","percent","purchase","tax_group_iva_9","","service","INT","IVA","PT-AC","","","",""
"iva9_p_im","IVA 9% (Imobilizado)","IVA9","IVA9","108","9","percent","purchase","tax_group_iva_9","","","INT","IVA","PT-AC","","","fiscal_position_acores","iva13_p_im"
"iva4_p_bc","IVA 4% (Bens)","IVA4","IVA4","109","4","percent","purchase","tax_group_iva_4","","consu","RED","IVA","PT-AC","","","fiscal_position_acores","iva6_p_bc"
"iva4_p_sc","IVA 4% (Serviços)","IVA4","IVA4","110","4","percent","purchase","tax_group_iva_4","","service","RED","IVA","PT-AC","","","",""
"iva4_p_im","IVA 4% (Imobilizado)","IVA4","IVA4","111","4","percent","purchase","tax_group_iva_4","","","RED","IVA","PT-AC","","","fiscal_position_acores","iva6_p_im"
"iva16_p_bc_ic","IVA 16% (Bens intracomunitários com ISP)","IVA16","IVA16","112","16","percent","purchase","tax_group_iva_16","","consu","NOR","IVA","PT-AC","","","fiscal_position_foreign_eu","iva16_p_bc"
"iva16_p_s_ic","IVA 16% (Serviços intracomunitários com ISP)","IVA16","IVA16","113","16","percent","purchase","tax_group_iva_16","","service","NOR","IVA","PT-AC","","","fiscal_position_foreign_eu","iva16_p_sc"
"iva16_p_im_ic","IVA 16% (Imobilizados intracomunitários com ISP)","IVA16","IVA16","114","16","percent","purchase","tax_group_iva_16","","","NOR","IVA","PT-AC","","","fiscal_position_foreign_eu","iva16_p_im"
"iva9_p_bc_ic","IVA 9% (Bens intracomunitários com ISP)","IVA9","IVA9","115","9","percent","purchase","tax_group_iva_9","","consu","INT","IVA","PT-AC","","","fiscal_position_foreign_eu","iva9_p_bc"
"iva9_p_s_ic","IVA 9% (Serviços intracomunitários com ISP)","IVA9","IVA9","116","9","percent","purchase","tax_group_iva_9","","service","INT","IVA","PT-AC","","","fiscal_position_foreign_eu","iva9_p_sc"
"iva9_p_im_ic","IVA 9% (Imobilizados intracomunitários com ISP)","IVA9","IVA9","117","9","percent","purchase","tax_group_iva_9","","","INT","IVA","PT-AC","","","fiscal_position_foreign_eu","iva9_p_im"
"iva4_p_bc_ic","IVA 4% (Bens intracomunitários com ISP)","IVA4","IVA4","118","4","percent","purchase","tax_group_iva_4","","consu","RED","IVA","PT-AC","","","fiscal_position_foreign_eu","iva4_p_bc,iva4_p_bc_ma"
"iva4_p_s_ic","IVA 4% (Serviços intracomunitários com ISP)","IVA4","IVA4","119","4","percent","purchase","tax_group_iva_4","","service","RED","IVA","PT-AC","","","fiscal_position_foreign_eu","iva4_p_sc,iva4_p_sc_ma"
"iva4_p_im_ic","IVA 4% (Imobilizados intracomunitários com ISP)","IVA4","IVA4","120","4","percent","purchase","tax_group_iva_4","","","RED","IVA","PT-AC","","","fiscal_position_foreign_eu","iva4_p_im,iva4_p_im_ma"
"iva16_p_bi_i","IVA 16% (Importação de bens com ISP)","IVA16","IVA16","121","16","percent","purchase","tax_group_iva_16","","consu","NOR","IVA","PT-AC","","","fiscal_position_foreign_other","iva16_p_bc"
"iva16_p_sp_ex_isp","IVA 16% (Serviços extracomunitários com ISP)","IVA16","IVA16","122","16","percent","purchase","tax_group_iva_16","","service","NOR","IVA","PT-AC","","","fiscal_position_foreign_other","iva16_p_sc"
"iva16_p_im_i_isp","IVA 16% (Importação de imobilizado com ISP)","IVA16","IVA16","123","16","percent","purchase","tax_group_iva_16","","","NOR","IVA","PT-AC","","","fiscal_position_foreign_other","iva16_p_im"
"iva9_p_bi_i","IVA 9% (Importação de bens com ISP)","IVA9","IVA9","124","9","percent","purchase","tax_group_iva_9","","consu","INT","IVA","PT-AC","","","fiscal_position_foreign_other","iva9_p_bc"
"iva9_p_sp_ex_isp","IVA 9% (Serviços extracomunitários com ISP)","IVA9","IVA9","125","9","percent","purchase","tax_group_iva_9","","service","INT","IVA","PT-AC","","","fiscal_position_foreign_other","iva9_p_sc"
"iva9_p_im_i_isp","IVA 9% (Importação de imobilizado com ISP)","IVA9","IVA9","126","9","percent","purchase","tax_group_iva_9","","","INT","IVA","PT-AC","","","fiscal_position_foreign_other","iva9_p_im"
"iva4_p_bi_i","IVA 4% (Importação de bens com ISP)","IVA4","IVA4","127","4","percent","purchase","tax_group_iva_4","","consu","RED","IVA","PT-AC","","","fiscal_position_foreign_other","iva4_p_bc"
"iva4_p_sp_ex_isp","IVA 4% (Serviços extracomunitários com ISP)","IVA4","IVA4","128","4","percent","purchase","tax_group_iva_4","","service","RED","IVA","PT-AC","","","fiscal_position_foreign_other","iva4_p_sc"
"iva4_p_im_i_isp","IVA 4% (Importação de imobilizado com ISP)","IVA4","IVA4","129","4","percent","purchase","tax_group_iva_4","","","RED","IVA","PT-AC","","","fiscal_position_foreign_other","iva4_p_im"
"iva22bens","IVA 22% (Bens)","IVA22","IVA22","130","22","percent","sale","tax_group_iva_22","","consu","NOR","IVA","PT-MA","","","fiscal_position_madeira","iva23bens"
"iva22serv","IVA 22% (Serviços)","IVA22","IVA22","131","22","percent","sale","tax_group_iva_22","","service","NOR","IVA","PT-MA","","","fiscal_position_madeira","iva23serv"
"iva12bens","IVA 12% (Bens)","IVA12","IVA12","132","12","percent","sale","tax_group_iva_12","","consu","INT","IVA","PT-MA","","","fiscal_position_madeira","iva13bens"
"iva12serv","IVA 12% (Serviços)","IVA12","IVA12","133","12","percent","sale","tax_group_iva_12","","service","INT","IVA","PT-MA","","","fiscal_position_madeira","iva13serv"
"iva4bens_ma","IVA 4% (Bens)","IVA4","IVA4","134","4","percent","sale","tax_group_iva_4","","consu","RED","IVA","PT-MA","","","fiscal_position_madeira","iva6bens"
"iva4serv_ma","IVA 4% (Serviços)","IVA4","IVA4","135","4","percent","sale","tax_group_iva_4","","service","RED","IVA","PT-MA","","","fiscal_position_madeira","iva6serv"
"iva22_p_bc","IVA 22% (Bens)","IVA22","IVA22","136","22","percent","purchase","tax_group_iva_22","","consu","NOR","IVA","PT-MA","","","fiscal_position_madeira","iva23_p_bc"
"iva22_p_sc","IVA 22% (Serviços)","IVA22","IVA22","137","22","percent","purchase","tax_group_iva_22","","service","NOR","IVA","PT-MA","","","",""
"iva22_p_im","IVA 22% (Imobilizado)","IVA22","IVA22","138","22","percent","purchase","tax_group_iva_22","","","NOR","IVA","PT-MA","","","fiscal_position_madeira","iva23_p_im"
"iva12_p_bc","IVA 12% (Bens)","IVA12","IVA12","139","12","percent","purchase","tax_group_iva_12","","consu","INT","IVA","PT-MA","","","fiscal_position_madeira","iva13_p_bc"
"iva12_p_sc","IVA 12% (Serviços)","IVA12","IVA12","140","12","percent","purchase","tax_group_iva_12","","service","INT","IVA","PT-MA","","","",""
"iva12_p_im","IVA 12% (Imobilizado)","IVA12","IVA12","141","12","percent","purchase","tax_group_iva_12","","","INT","IVA","PT-MA","","","fiscal_position_madeira","iva13_p_im"
"iva4_p_bc_ma","IVA 4% (Bens)","IVA4","IVA4","142","4","percent","purchase","tax_group_iva_4","","consu","RED","IVA","PT-MA","","","fiscal_position_madeira","iva6_p_bc"
"iva4_p_sc_ma","IVA 4% (Serviços)","IVA4","IVA4","143","4","percent","purchase","tax_group_iva_4","","service","RED","IVA","PT-MA","","","",""
"iva4_p_im_ma","IVA 4% (Imobilizado)","IVA4","IVA4","144","4","percent","purchase","tax_group_iva_4","","","RED","IVA","PT-MA","","","fiscal_position_madeira","iva6_p_im"
"iva22_p_bc_ic","IVA 22% (Bens intracomunitários com ISP)","IVA22","IVA22","145","22","percent","purchase","tax_group_iva_22","","consu","NOR","IVA","PT-MA","","","fiscal_position_foreign_eu","iva22_p_bc"
"iva22_p_s_ic","IVA 22% (Serviços intracomunitários com ISP)","IVA22","IVA22","146","22","percent","purchase","tax_group_iva_22","","service","NOR","IVA","PT-MA","","","fiscal_position_foreign_eu","iva22_p_sc"
"iva22_p_im_ic","IVA 22% (Imobilizados intracomunitários com ISP)","IVA22","IVA22","147","22","percent","purchase","tax_group_iva_22","","","NOR","IVA","PT-MA","","","fiscal_position_foreign_eu","iva22_p_im"
"iva12_p_bc_ic","IVA 12% (Bens intracomunitários com ISP)","IVA12","IVA12","148","12","percent","purchase","tax_group_iva_12","","consu","INT","IVA","PT-MA","","","fiscal_position_foreign_eu","iva12_p_bc"
"iva12_p_s_ic","IVA 12% (Serviços intracomunitários com ISP)","IVA12","IVA12","149","12","percent","purchase","tax_group_iva_12","","service","INT","IVA","PT-MA","","","fiscal_position_foreign_eu","iva12_p_sc"
"iva12_p_im_ic","IVA 12% (Imobilizados intracomunitários com ISP)","IVA12","IVA12","150","12","percent","purchase","tax_group_iva_12","","","INT","IVA","PT-MA","","","fiscal_position_foreign_eu","iva12_p_im"
"iva22_p_bi_i","IVA 22% (Importação de bens com ISP)","IVA22","IVA22","154","22","percent","purchase","tax_group_iva_22","","consu","NOR","IVA","PT-MA","","","fiscal_position_foreign_other","iva22_p_bc"
"iva22_p_sp_ex_isp","IVA 22% (Serviços extracomunitários com ISP)","IVA22","IVA22","155","22","percent","purchase","tax_group_iva_22","","service","NOR","IVA","PT-MA","","","fiscal_position_foreign_other","iva22_p_sc"
"iva22_p_im_i_isp","IVA 22% (Importação de imobilizado com ISP)","IVA22","IVA22","156","22","percent","purchase","tax_group_iva_22","","","NOR","IVA","PT-MA","","","fiscal_position_foreign_other","iva22_p_im"
"iva12_p_bi_i","IVA 12% (Importação de bens com ISP)","IVA12","IVA12","157","12","percent","purchase","tax_group_iva_12","","consu","INT","IVA","PT-MA","","","fiscal_position_foreign_other","iva12_p_bc"
"iva12_p_sp_ex_isp","IVA 12% (Serviços extracomunitários com ISP)","IVA12","IVA12","158","12","percent","purchase","tax_group_iva_12","","service","INT","IVA","PT-MA","","","fiscal_position_foreign_other","iva12_p_sc"
"iva12_p_im_i_isp","IVA 12% (Importação de imobilizado com ISP)","IVA12","IVA12","159","12","percent","purchase","tax_group_iva_12","","","INT","IVA","PT-MA","","","fiscal_position_foreign_other","iva12_p_im"
"iva4_p_bi_i_ma","IVA 4% (Importação de bens com ISP)","IVA4","IVA4","160","4","percent","purchase","tax_group_iva_4","","consu","RED","IVA","PT-MA","","","fiscal_position_foreign_other","iva4_p_bc_ma"
"iva4_p_sp_ex_isp_ma","IVA 4% (Serviços extracomunitários com ISP)","IVA4","IVA4","161","4","percent","purchase","tax_group_iva_4","","service","RED","IVA","PT-MA","","","fiscal_position_foreign_other","iva4_p_sc_ma"
"iva4_p_im_i_isp_ma","IVA 4% (Importação de imobilizado com ISP)","IVA4","IVA4","162","4","percent","purchase","tax_group_iva_4","","","RED","IVA","PT-MA","","","fiscal_position_foreign_other","iva4_p_im_ma"
"ret0_a","Retenção 0% - Rendimentos Isentos (A)","RET0A","RET0A","163","0","percent","purchase","tax_group_ret_0","","","IRS","NS","PT","","","",""
"ret20_a","Retenção 20% - Atividades de Elevado Valor Acrescentado (Trabalho Dependente)","RET20","RET20","164","-20","percent","purchase","tax_group_ret_20","","","IRS","NS","PT","","","",""
"ret25_a","Retenção à Taxa Liberatória 25% - Rendimentos Dependentes","RET25","RET25","165","-25","percent","purchase","tax_group_ret_25","","","IRS","NS","PT","","","",""
"ret35_a","Retenção à Taxa Liberatória 35% - Rendimentos Dependentes","RET35","RET35","166","-35","percent","purchase","tax_group_ret_35","","","IRS","NS","PT","","","",""
"ret0_b","Retenção 0% - Rendimentos Isentos (B)","RET0B","RET0B","167","0","percent","purchase","tax_group_ret_0","","","IRS","NS","PT","","","",""
"ret11_5_b","Retenção 11.5% - Rendimentos Profissionais","RET11.5","RET11.5","168","-11.5","percent","purchase","tax_group_ret_11_5","","","IRS","NS","PT","","","",""
"ret16_5_b","Retenção 16.5% - Rendimentos Provenientes de Propriedade Intelectual","RET16.5","RET16.5","169","-16.5","percent","purchase","tax_group_ret_16_5","","","IRS","NS","PT","","","",""
"ret20_b","Retenção 20% - Atividades de Elevado Valor Acrescentado (Trabalho Profissional)","RET20","RET20","170","-20","percent","purchase","tax_group_ret_20","","","IRS","NS","PT","","","",""
"ret25_b","Retenção 20% - Rendimentos Profissionais","RET20","RET20","171","-20","percent","purchase","tax_group_ret_20","","","IRS","NS","PT","","","",""
"ret23_b","Retenção 23% - Rendimentos Profissionais","RET23","RET23","172","-23","percent","purchase","tax_group_ret_23","","","IRS","NS","PT","","","",""
"ret25_b_tl","Retenção à Taxa Liberatória 25% - Rendimentos Profissionais","RET25","RET25","173","-25","percent","purchase","tax_group_ret_25","","","IRS","NS","PT","","","",""
"ret35_b","Retenção à Taxa Liberatória 35% - Rendimentos Profissionais","RET35","RET35","174","-35","percent","purchase","tax_group_ret_35","","","IRS","NS","PT","","","",""
"ret0_e","Retenção 0% - Rendimentos Isentos (E)","RET0E","RET0E","175","0","percent","purchase","tax_group_ret_0","","","IRS","NS","PT","","","",""
"ret25_e","Retenção à Taxa Liberatória 25% - Rendimentos de Capital","RET25","RET25","176","-25","percent","purchase","tax_group_ret_25","","","IRS","NS","PT","","","",""
"ret25_e_irc","Retenção 25% - Rendimentos de Capital (IRC)","RET25","RET25","177","-25","percent","purchase","tax_group_ret_25","","","IRC","NS","PT","","","",""
"ret28_e","Retenção à Taxa Liberatória 28% - Rendimentos de Capital","RET28","RET28","178","-28","percent","purchase","tax_group_ret_28","","","IRC","NS","PT","","","",""
"ret35_e","Retenção à Taxa Liberatória 35% - Rendimentos de Capital","RET35","RET35","179","-35","percent","purchase","tax_group_ret_35","","","IRC","NS","PT","","","",""
"ret0_f","Retenção 0% - Rendimentos Isentos (F)","RET0F","RET0F","180","0","percent","purchase","tax_group_ret_0","","","IRS","NS","PT","","","",""
"ret25_f","Retenção 25% - Rendimentos Prediais","RET25","RET25","181","-25","percent","purchase","tax_group_ret_25","","","IRS","NS","PT","","","",""
"ret25_f_irc","Retenção 25% - Rendimentos Prediais (IRC)","RET25","RET25","182","-25","percent","purchase","tax_group_ret_25","","","IRC","NS","PT","","","",""
"ret20_f","Retenção 20% - Rendimentos Prediais Açores","RET20","RET20","183","-20","percent","purchase","tax_group_ret_20","","","IRS","NS","PT","","","",""
"ret0_g","Retenção 0% - Rendimentos Isentos (G)","RET0G","RET0G","184","0","percent","purchase","tax_group_ret_0","","","IRS","NS","PT","","","",""
"ret25_g","Retenção à Taxa Liberatória 25% - Incrementos Patrimoniais","RET25","RET25","185","-25","percent","purchase","tax_group_ret_25","","","IRS","NS","PT","","","",""
"ret35_g","Retenção à Taxa Liberatória 35% - Incrementos Patrimoniais","RET35","RET35","186","-35","percent","purchase","tax_group_ret_35","","","IRS","NS","PT","","","",""
"ret0_h","Retenção 0% - Rendimentos Isentos (H)","RET0H","RET0H","187","0","percent","purchase","tax_group_ret_0","","","IRS","NS","PT","","","",""
"ret25_h","Retenção à Taxa Liberatória 25% - Pensões","RET25","RET25","188","-25","percent","purchase","tax_group_ret_25","","","IRS","NS","PT","","","",""
"ret35_h","Retenção à Taxa Liberatória 35% - Pensões","RET35","RET35","189","-35","percent","purchase","tax_group_ret_35","","","IRS","NS","PT","","","",""
"iva0_m35_sale","IVA 0% Autoliquidação - M35","IVA0 - M35","IVA0 - M35","190","0","percent","sale","tax_group_iva_0","","","ISE","IVA","PT","l10n_pt_certificate.m35","","",""
"iva0_m35","IVA 0% Autoliquidação - M35","IVA0 - M35","IVA0 - M35","191","23","percent","purchase","tax_group_iva_0","","","ISE","IVA","PT","l10n_pt_certificate.m35","","",""
