"id","name","code_prefix_start","code_prefix_end"
"pt_ag_1","Meios Financeiros Líquidos","1","1"
"pt_ag_11","Caixa","11","11"
"pt_ag_12","Depósitos à Ordem","12","12"
"pt_ag_13","Outros Depósitos Bancários","13","13"
"pt_ag_14","Outros Instrumentos Financeiros","14","14"
"pt_ag_141","Derivados","141","141"
"pt_ag_142","Instrumentos financeiros detidos para negociação","142","142"
"pt_ag_143","Outros ativos e passivos financeiros","143","143"
"pt_ag_2","Contas a Receber e a Pagar","2","2"
"pt_ag_21","Clientes","21","21"
"pt_ag_211","Clientes Conta/Corrente","211","211"
"pt_ag_2111","Clientes C/C - Clientes Gerais","2111","2111"
"pt_ag_2112","Clientes C/C - Empresa Mãe","2112","2112"
"pt_ag_2113","Clientes C/C - Empresas Subsidiárias","2113","2113"
"pt_ag_2114","Clientes C/C - Empresas Associadas","2114","2114"
"pt_ag_2115","Clientes C/C - Empreendimento Conjunto","2115","2115"
"pt_ag_2116","Clientes C/C - Outras Partes Relacionadas","2116","2116"
"pt_ag_2117","Clientes C/C - POS","2117","2117"
"pt_ag_212","Clientes - Títulos a Receber","212","212"
"pt_ag_2121","Clientes TR - Clientes Gerais","2121","2121"
"pt_ag_2122","Clientes TR - Empresa Mãe","2122","2122"
"pt_ag_2123","Clientes TR - Empresas Subsidiárias","2123","2123"
"pt_ag_2124","Clientes TR - Empresas Associadas","2124","2124"
"pt_ag_2125","Clientes TR - Empreendimento Conjunto","2125","2125"
"pt_ag_2126","Clientes TR - Outras Partes Relacionadas","2126","2126"
"pt_ag_218","Clientes - Adiantamentos","218","218"
"pt_ag_219","Perdas por imparidade acumuladas","219","219"
"pt_ag_2191","Clientes c/c","2191","2191"
"pt_ag_21911","PIA - Clientes C/C - Clientes Gerais","21911","21911"
"pt_ag_21912","PIA - Clientes C/C - Empresa Mãe","21912","21912"
"pt_ag_21913","PIA - Clientes C/C - Empresas Subsidiárias","21913","21913"
"pt_ag_21914","PIA - Clientes C/C - Empresas Associadas","21914","21914"
"pt_ag_21915","PIA - Clientes C/C - Empreendimento Conjunto","21915","21915"
"pt_ag_21916","PIA - Clientes C/C - Outras Partes Relacionadas","21916","21916"
"pt_ag_2192","Clientes - títulos a receber/c","2192","2192"
"pt_ag_21921","PIA - Clientes TR - Clientes Gerais","21921","21921"
"pt_ag_21922","PIA - Clientes TR - Empresa Mãe","21922","21922"
"pt_ag_21923","PIA - Clientes TR - Empresas Subsidiárias","21923","21923"
"pt_ag_21924","PIA - Clientes TR - Empresas Associadas","21924","21924"
"pt_ag_21925","PIA - Clientes TR - Empreendimento Conjunto","21925","21925"
"pt_ag_21926","PIA - Clientes TR - Outras Partes Relacionadas","21926","21926"
"pt_ag_2193","PIA - Outros Clientes","2193","2193"
"pt_ag_22","Fornecedores","22","22"
"pt_ag_221","Fornecedores Conta/Corrente","221","221"
"pt_ag_2211","Fornecedores C/C - Fornecedores Gerais","2211","2211"
"pt_ag_2212","Fornecedores C/C - Empresa Mãe","2212","2212"
"pt_ag_2213","Fornecedores C/C - Empresas Subsidiárias","2213","2213"
"pt_ag_2214","Fornecedores C/C - Empresas Associadas","2214","2214"
"pt_ag_2215","Fornecedores C/C - Empreendimento Conjunto","2215","2215"
"pt_ag_2216","Fornecedores C/C - Outras Partes Relacionadas","2216","2216"
"pt_ag_222","Fornecedores - Títulos a Pagar","222","222"
"pt_ag_2221","Fornecedores TP - Fornecedores Gerais","2221","2221"
"pt_ag_2222","Fornecedores TP - Empresa Mãe","2222","2222"
"pt_ag_2223","Fornecedores TP - Empresas Subsidiárias","2223","2223"
"pt_ag_2224","Fornecedores TP - Empresas Associadas","2224","2224"
"pt_ag_2225","Fornecedores TP - Empreendimento Conjunto","2225","2225"
"pt_ag_2226","Fornecedores TP - Outras Partes Relacionadas","2226","2226"
"pt_ag_225","Fornecedores - Faturas em Receção e Conferência","225","225"
"pt_ag_228","Fornecedores - Adiantamentos ","228","228"
"pt_ag_229","Perdas por imparidade acumuladas","229","229"
"pt_ag_2291","PIA - Fornecedores Gerais","2291","2291"
"pt_ag_2292","PIA - Fornecedores Empresa Mãe","2292","2292"
"pt_ag_2293","PIA - Fornecedores Empresas Subsidiárias","2293","2293"
"pt_ag_2294","PIA - Fornecedores Empresas Associadas","2294","2294"
"pt_ag_2295","PIA - Fornecedores Empreendimento Conjunto","2295","2295"
"pt_ag_2296","PIA - Fornecedores Outras Partes Relacionadas","2296","2296"
"pt_ag_23","Pessoal","23","23"
"pt_ag_231","Remunerações a pagar","231","231"
"pt_ag_232","Adiantamentos","232","232"
"pt_ag_237","Cauções","237","237"
"pt_ag_2371","Dos órgãos sociais","2371","2371"
"pt_ag_2372","Do pessoal","2372","2372"
"pt_ag_238","Outras operações","238","238"
"pt_ag_2381","Com os órgãos sociais","2381","2381"
"pt_ag_2382","Com o pessoal","2382","2382"
"pt_ag_239","Perdas por imparidade acumuladas","239","239"
"pt_ag_2391","Aceites Fiscalmente","2391","2391"
"pt_ag_23911","Adiantamentos","23911","23911"
"pt_ag_23912","Outras Operações","23912","23912"
"pt_ag_239121","Aos órgãos sociais","239121","239121"
"pt_ag_239122","Ao Pessoal","239122","239122"
"pt_ag_2392","Não aceite fiscalmente","2392","2392"
"pt_ag_23921","Adiantamentos","23921","23921"
"pt_ag_23922","Outras Operações","23922","23922"
"pt_ag_239221","Aos orgãos sociais","239221","239221"
"pt_ag_239222","Ao Pessoal","239222","239222"
"pt_ag_24","Estado e outros Entes Públicos","24","24"
"pt_ag_241","Imposto sobre o rendimento","241","241"
"pt_ag_2412","Pagamentos Especial por Conta","2412","2412"
"pt_ag_24121","PEC Dedutíveis","24121","24121"
"pt_ag_242","Retenção de Impostsos sobre o Rendimento","242","242"
"pt_ag_2421","Retenção Trab. Dependentes - Categoria A","2421","2421"
"pt_ag_2423","Retenção Rendimentos de Capitais - Categoria E","2423","2423"
"pt_ag_2424","Retenção Rendimentos Prediais - Categoria F","2424","2424"
"pt_ag_243","Imposto sobre o valor acrescentado (IVA)","243","243"
"pt_ag_2431","IVA - Suportado","2431","2431"
"pt_ag_2432","IVA - Dedutível","2432","2432"
"pt_ag_2433","IVA - Liquidado","2433","2433"
"pt_ag_2434","IVA - Regularizações","2434","2434"
"pt_ag_245","Contribuições para a Segurança Social","245","245"
"pt_ag_247","Fundo Compensação dp Trabalhador","247","247"
"pt_ag_25","Financiamentos Obtidos","25","25"
"pt_ag_251","Instituições de crédito e sociedades financeiras","251","251"
"pt_ag_2511","Empréstimos bancários","2511","2511"
"pt_ag_2512","Descobertos bancários","2512","2512"
"pt_ag_2513","Locações Financeiras","2513","2513"
"pt_ag_252","Mercado de valores mobiliários","252","252"
"pt_ag_2521","Empréstimos por obrigações","2521","2521"
"pt_ag_253","Participantes de capital","253","253"
"pt_ag_2531","Empresa-mãe - Suprimentos e outros mútuos","2531","2531"
"pt_ag_2532","Outros participantes - Suprimentos e outros mútuos","2532","2532"
"pt_ag_254","Subsidiárias, associadas e empreendimentos conjuntos","254","254"
"pt_ag_258","Outros financiadores","258","258"
"pt_ag_26","Acionistas / Sócios","26","26"
"pt_ag_266","Empréstimos concedidos - empresa-mãe","266","266"
"pt_ag_268","Outras operações","268","268"
"pt_ag_269","Perdas por imparidade acumuladas","269","269"
"pt_ag_2691","PIA - Aceite Fiscalmente","2691","2691"
"pt_ag_26916","PIA - Empréstimos Concedidos - Empresa-Mãe","26916","26916"
"pt_ag_26917","PIA - Outras Operações","26917","26917"
"pt_ag_2692","PIA - Não Aceite Fiscalmente","2692","2692"
"pt_ag_26926","PIA - Empréstimos Concedidos - Empresa-Mãe","26926","26926"
"pt_ag_26927","PIA - Outras Operações","26927","26927"
"pt_ag_27","Outras Contas a Receber e a Pagar","27","27"
"pt_ag_271","Fornecedores de investimentos","271","271"
"pt_ag_2711","Fornecedores de investimentos - contas gerais","2711","2711"
"pt_ag_2712","Faturas em recepção e conferência","2712","2712"
"pt_ag_2713","Adiantamentos a fornecedores de investimentos","2713","2713"
"pt_ag_272","Devedores e credores por acréscimos (periodização económica)","272","272"
"pt_ag_274","Impostos diferidos","274","274"
"pt_ag_275","Credores por subscrições não liberadas","275","275"
"pt_ag_278","Outros devedores e credores","278","278"
"pt_ag_279","Perdas por imparidade acumuladas","279","279"
"pt_ag_2791","Aceite Fiscalmente","2791","2791"
"pt_ag_27911","Fornecedores de Investimento","27911","27911"
"pt_ag_27914","Outros Devedores e Credores","27914","27914"
"pt_ag_2792","Não Aceite Fiscalmente","2792","2792"
"pt_ag_27921","Fornecedores de Investimento","27921","27921"
"pt_ag_27924","Outros Devedores e Credores","27924","27924"
"pt_ag_29","Provisões","29","29"
"pt_ag_3","Inventários e Ativos Biológicos","3","3"
"pt_ag_31","Compras","31","31"
"pt_ag_311","Mercadorias","311","311"
"pt_ag_312","Matérias-primas, subsidiárias e de consumo","312","312"
"pt_ag_313","Activos biológicos","313","313"
"pt_ag_317","Devoluções de compras","317","317"
"pt_ag_3171","Mercadorias","3171","3171"
"pt_ag_3172","Matérias primas, subsidiárias e de consumo","3172","3172"
"pt_ag_3173","Ativos biológicos","3173","3173"
"pt_ag_318","Descontos e abatimentos em compras","318","318"
"pt_ag_3181","Mercadorias","3181","3181"
"pt_ag_3182","Matérias-primas, subsidiárias e de consumo","3182","3182"
"pt_ag_3183","Ativos biológicos","3183","3183"
"pt_ag_32","Mercadorias","32","32"
"pt_ag_329","Perdas por imparidade acumuladas","329","329"
"pt_ag_3291","Aceite Fiscalmente","3291","3291"
"pt_ag_3292","Não Aceite Fiscalmente","3292","3292"
"pt_ag_33","Matérias-Primas, Subsidiárias e de Consumo","33","33"
"pt_ag_339","Perdas por imparidade acumuladas","339","339"
"pt_ag_3391","Aceite Fiscalmente","3391","3391"
"pt_ag_3392","Não Aceite Fiscalmente","3392","3392"
"pt_ag_34","Produtos Acabados e Intermédios","34","34"
"pt_ag_349","Perdas por Imparidade Acumuladas","349","349"
"pt_ag_3491","Aceite Fiscalmente","3491","3491"
"pt_ag_3492","Não Aceite Fiscalmente","3492","3492"
"pt_ag_35","Subprodutos, Desperdícios, Resíduos e Refugos","35","35"
"pt_ag_359","Perdas por imparidade acumuladas","359","359"
"pt_ag_3591","Aceite Fiscalmente","3591","3591"
"pt_ag_3592","Não Aceite Fiscalmente","3592","3592"
"pt_ag_36","Produtos e Trabalhos em Curso","36","36"
"pt_ag_37","Ativos Biológicos","37","37"
"pt_ag_371","Consumíveis","371","371"
"pt_ag_372","De produção","372","372"
"pt_ag_378","Depreciações acumuladas","378","378"
"pt_ag_379","Perdas por imparidade acumuladas","379","379"
"pt_ag_38","Reclassificação e Regularização de Inventários e Ativos Biológicos","38","38"
"pt_ag_39","Adiantamentos por Conta de Compras","39","39"
"pt_ag_396","Ativos Biológicos","396","396"
"pt_ag_4","Investimentos","4","4"
"pt_ag_41","Investimentos Financeiros","41","41"
"pt_ag_411","Investimentos em subsidiárias","411","411"
"pt_ag_4111","Participações de capital - método da equivalência patrimonial","4111","4111"
"pt_ag_412","Investimentos em associadas","412","412"
"pt_ag_4121","Participações de capital - método da equivalência patrimonial","4121","4121"
"pt_ag_413","Investimentos em Entidades Conjuntamente Controladas","413","413"
"pt_ag_4131","Participações de Capital - Método da Equivalência Patrimonial","4131","4131"
"pt_ag_414","Investimentos Noutras Empresas","414","414"
"pt_ag_415","Outros investimentos financeiros","415","415"
"pt_ag_418","Amortizações Acumuladas","418","418"
"pt_ag_4181","Investimentos em Subsidiárias","4181","4181"
"pt_ag_4182","Investimentos em Associadas","4182","4182"
"pt_ag_4183","Investimentos em Entidades Conjuntamente Controladas","4183","4183"
"pt_ag_419","Perdas por imparidade acumuladas","419","419"
"pt_ag_4191","Aceite Fiscalmente","4191","4191"
"pt_ag_41911","Investimentos em Subsidiárias","41911","41911"
"pt_ag_41912","Investimentos em Associadas","41912","41912"
"pt_ag_41913","Investimentos em Entidades Conjuntamente Controladas","41913","41913"
"pt_ag_41914","Investimentos Noutras Empresas","41914","41914"
"pt_ag_41915","Outros Investimentos Financeiros","41915","41915"
"pt_ag_4192","Não Aceite Fiscalmente","4192","4192"
"pt_ag_41921","Investimentos em Subsidiárias","41921","41921"
"pt_ag_41922","Investimentos em Associadas","41922","41922"
"pt_ag_41923","Investimentos em Entidades Conjuntamente Controladas","41923","41923"
"pt_ag_41924","Investimentos Noutras Empresas","41924","41924"
"pt_ag_41925","Outros Investimentos Financeiros","41925","41925"
"pt_ag_42","Propriedades de investimento","42","42"
"pt_ag_421","Terrenos e recursos naturais","421","421"
"pt_ag_422","Edifícios e outras construções","422","422"
"pt_ag_426","Outras propriedades de investimento","426","426"
"pt_ag_428","Depreciações acumuladas","428","428"
"pt_ag_429","Perdas por imparidade acumuladas","429","429"
"pt_ag_4291","Aceite Fiscalmente","4291","4291"
"pt_ag_4292","Não Aceite Fiscalmente","4292","4292"
"pt_ag_43","Ativos Fixos Tangíveis","43","43"
"pt_ag_431","Terrenos e recursos naturais","431","431"
"pt_ag_432","Edifícios e outras construções","432","432"
"pt_ag_433","Equipamento básico","433","433"
"pt_ag_434","Equipamento de transporte","434","434"
"pt_ag_435","Equipamento administrativo","435","435"
"pt_ag_436","Equipamentos biológicos","436","436"
"pt_ag_437","Outros activos fixos tangíveis","437","437"
"pt_ag_438","Depreciações acumuladas","438","438"
"pt_ag_439","Perdas por imparidade acumuladas","439","439"
"pt_ag_4391","Aceite Fiscalmente","4391","4391"
"pt_ag_4392","Não Aceite Fiscalmente","4392","4392"
"pt_ag_44","Ativos Intangíveis","44","44"
"pt_ag_441","Goodwill","441","441"
"pt_ag_442","Projectos de desenvolvimento","442","442"
"pt_ag_443","Programas de computador","443","443"
"pt_ag_444","Propriedade industrial","444","444"
"pt_ag_446","Outros activos intangíveis","446","446"
"pt_ag_448","Depreciações acumuladas","448","448"
"pt_ag_449","Perdas por imparidade acumuladas","449","449"
"pt_ag_4491","Aceite Fiscalmente","4491","4491"
"pt_ag_4492","Não Aceite Fiscalmente","4492","4492"
"pt_ag_45","Investimentos em Curso","45","45"
"pt_ag_455","Adiantamentos por conta de investimentos","455","455"
"pt_ag_459","Perdas por imparidade acumuladas","459","459"
"pt_ag_4591","Aceite Fiscalmente","4591","4591"
"pt_ag_4592","Não Aceite Fiscalmente","4592","4592"
"pt_ag_46","Ativos Não Correntes Detidos para Venda","46","46"
"pt_ag_469","Perdas por imparidade acumuladas","469","469"
"pt_ag_4691","Aceite Fiscalmente","4691","4691"
"pt_ag_4692","Não Aceite Fiscalmente","4692","4692"
"pt_ag_5","Capital, Reservas e Resultados Transitados","5","5"
"pt_ag_51","Capital Subscrito","51","51"
"pt_ag_52","Ações (quotas) Próprias","52","52"
"pt_ag_53","Outros Instrumentos de Capital Próprio","53","53"
"pt_ag_531","Outros Instrumentos de Capital Próprio","531","531"
"pt_ag_54","Prémios de Emissão","54","54"
"pt_ag_541","Prémios de Emissão","541","541"
"pt_ag_55","Reservas","55","55"
"pt_ag_56","Resultados Transitados","56","56"
"pt_ag_57","Ajustamentos em Ativos Financeiros","57","57"
"pt_ag_571","Relacionados com o método da equivalência patrimonial","571","571"
"pt_ag_58","Excedentes de Revalorização de AFT e AI","58","58"
"pt_ag_581","Reavaliações decorrentes de diplomas legais","581","581"
"pt_ag_589","Outros excedentes","589","589"
"pt_ag_59","Outras Variações no Capital Próprio","59","59"
"pt_ag_593","Subsídios","593","593"
"pt_ag_6","Gastos","6","6"
"pt_ag_61","Custo das Mercadorias Vendidas e das Matérias Consumidas","61","61"
"pt_ag_62","Fornecimentos e Serviços Externos","62","62"
"pt_ag_621","Subcontratos","621","621"
"pt_ag_622","Serviços especializados","622","622"
"pt_ag_6221","Trabalhos especializados","6221","6221"
"pt_ag_6222","Publicidade e propaganda","6222","6222"
"pt_ag_6223","Vigilância e segurança","6223","6223"
"pt_ag_6224","Honorários","6224","6224"
"pt_ag_6225","Comissões","6225","6225"
"pt_ag_6226","Conservação e Reparação","6226","6226"
"pt_ag_62261","Conservação e Reparação - Mercado Nacional","62261","62261"
"pt_ag_622611","Conservação e Reparação - Mercado Nacional - Viaturas Ligeiras de Passageiros e de Mercadorias","622611","622611"
"pt_ag_6226111","Conservação e Reparação - Mercado Nacional - VLPM - Sujeito a Tributação Autónoma (8%)","6226111","6226111"
"pt_ag_6226112","Conservação e Reparação - Mercado Nacional - VLPM - Sujeito a Tributação Autónoma (25%)","6226112","6226112"
"pt_ag_6226113","Conservação e Reparação - Mercado Nacional - VLPM - Sujeito a Tributação Autónoma (32%)","6226113","6226113"
"pt_ag_6226114","Conservação e Reparação - Mercado Nacional - VLPM - Sujeito a Tributação Autónoma (0%)","6226114","6226114"
"pt_ag_622612","Conservação e Reparação - Mercado Nacional - Viaturas Ligeiras de Passageiros Híbridas Plug-in","622612","622612"
"pt_ag_6226121","Conservação e Reparação - Mercado Nacional - VLPHP - Sujeito a Tributação Autónoma (2,5%)","6226121","6226121"
"pt_ag_6226122","Conservação e Reparação - Mercado Nacional - VLPHP - Sujeito a Tributação Autónoma (7,5%)","6226122","6226122"
"pt_ag_6226123","Conservação e Reparação - Mercado Nacional - VLPHP - Sujeito a Tributação Autónoma (15%)","6226123","6226123"
"pt_ag_6226124","Conservação e Reparação - Mercado Nacional - VLPHP - Sujeito a Tributação Autónoma (0%)","6226124","6226124"
"pt_ag_622613","Conservação e Reparação - Mercado Nacional - Viaturas Ligeiras de Passageiros movidas a GPL ou GNV","622613","622613"
"pt_ag_6226131","Conservação e Reparação - Mercado Nacional - GPL ou GNV - Sujeito a Tributação Autónoma (2,5%)","6226131","6226131"
"pt_ag_6226132","Conservação e Reparação - Mercado Nacional - GPL ou GNV - Sujeito a Tributação Autónoma (7,5%)","6226132","6226132"
"pt_ag_6226133","Conservação e Reparação - Mercado Nacional - GPL ou GNV - Sujeito a Tributação Autónoma (15%)","6226133","6226133"
"pt_ag_6226134","Conservação e Reparação - Mercado Nacional - GPL ou GNV - Sujeito a Tributação Autónoma (0%)","6226134","6226134"
"pt_ag_622614","Conservação e Reparação - Mercado Nacional - Viaturas Ligeiras de Passageiros movidas exclusivamente a Energia Elétrica","622614","622614"
"pt_ag_6226141","Conservação e Reparação - Mercado Nacional - Energia Elétrica - Sujeito a Tributação Autónoma (10%)","6226141","6226141"
"pt_ag_6226142","Conservação e Reparação - Mercado Nacional - Energia Elétrica - Sujeito a Tributação Autónoma (0%)","6226142","6226142"
"pt_ag_62262","Conservação e Reparação - Mercado Intracomunitário","62262","62262"
"pt_ag_622621","Conservação e Reparação - Mercado Intracomunitário - Viaturas Ligeiras de Passageiros e de Mercadorias","622621","622621"
"pt_ag_6226211","Conservação e Reparação - Mercado Intracomunitário - VLPM - Sujeito a Tributação Autónoma (8%)","6226211","6226211"
"pt_ag_6226212","Conservação e Reparação - Mercado Intracomunitário - VLPM - Sujeito a Tributação Autónoma (25%)","6226212","6226212"
"pt_ag_6226213","Conservação e Reparação - Mercado Intracomunitário - VLPM - Sujeito a Tributação Autónoma (32%)","6226213","6226213"
"pt_ag_6226214","Conservação e Reparação - Mercado Intracomunitário - VLPM - Sujeito a Tributação Autónoma (0%)","6226214","6226214"
"pt_ag_622622","Conservação e Reparação - Mercado Intracomunitário - Viaturas Ligeiras de Passageiros Híbridas Plug-in","622622","622622"
"pt_ag_6226221","Conservação e Reparação - Mercado Intracomunitário - VLPHP - Sujeito a Tributação Autónoma (2,5%)","6226221","6226221"
"pt_ag_6226222","Conservação e Reparação - Mercado Intracomunitário - VLPHP - Sujeito a Tributação Autónoma (7,5%)","6226222","6226222"
"pt_ag_6226223","Conservação e Reparação - Mercado Intracomunitário - VLPHP - Sujeito a Tributação Autónoma (15%)","6226223","6226223"
"pt_ag_6226224","Conservação e Reparação - Mercado Intracomunitário - VLPHP - Sujeito a Tributação Autónoma (0%)","6226224","6226224"
"pt_ag_622623","Conservação e Reparação - Mercado Intracomunitário - Viaturas Ligeiras de Passageiros movidas a GPL ou GNV","622623","622623"
"pt_ag_6226231","Conservação e Reparação - Mercado Intracomunitário - GPL ou GNV - Sujeito a Tributação Autónoma (2,5%)","6226231","6226231"
"pt_ag_6226232","Conservação e Reparação - Mercado Intracomunitário - GPL ou GNV - Sujeito a Tributação Autónoma (7,5%)","6226232","6226232"
"pt_ag_6226233","Conservação e Reparação - Mercado Intracomunitário - GPL ou GNV - Sujeito a Tributação Autónoma (15%)","6226233","6226233"
"pt_ag_6226234","Conservação e Reparação - Mercado Intracomunitário - GPL ou GNV - Sujeito a Tributação Autónoma (0%)","6226234","6226234"
"pt_ag_622624","Conservação e Reparação - Mercado Intracomunitário - Viaturas Ligeiras de Passageiros movidas exclusivamente a Energia Elétrica","622624","622624"
"pt_ag_6226241","Conservação e Reparação - Mercado Intracomunitário - Energia Elétrica - Sujeito a Tributação Autónoma (10%)","6226241","6226241"
"pt_ag_6226242","Conservação e Reparação - Mercado Intracomunitário - Energia Elétrica - Sujeito a Tributação Autónoma (0%)","6226242","6226242"
"pt_ag_62263","Conservação e Reparação - Mercado Extracomunitário","62263","62263"
"pt_ag_622631","Conservação e Reparação - Mercado Extracomunitário - Viaturas Ligeiras de Passageiros e de Mercadorias","622631","622631"
"pt_ag_6226311","Conservação e Reparação - Mercado Extracomunitário - VLPM - Sujeito a Tributação Autónoma (8%)","6226311","6226311"
"pt_ag_6226312","Conservação e Reparação - Mercado Extracomunitário - VLPM - Sujeito a Tributação Autónoma (25%)","6226312","6226312"
"pt_ag_6226313","Conservação e Reparação - Mercado Extracomunitário - VLPM - Sujeito a Tributação Autónoma (32%)","6226313","6226313"
"pt_ag_6226314","Conservação e Reparação - Mercado Extracomunitário - VLPM - Sujeito a Tributação Autónoma (0%)","6226314","6226314"
"pt_ag_622632","Conservação e Reparação - Mercado Extracomunitário - Viaturas Ligeiras de Passageiros Híbridas Plug-in","622632","622632"
"pt_ag_6226321","Conservação e Reparação - Mercado Extracomunitário - VLPHP - Sujeito a Tributação Autónoma (2,5%)","6226321","6226321"
"pt_ag_6226322","Conservação e Reparação - Mercado Extracomunitário - VLPHP - Sujeito a Tributação Autónoma (7,5%)","6226322","6226322"
"pt_ag_6226323","Conservação e Reparação - Mercado Extracomunitário - VLPHP - Sujeito a Tributação Autónoma (15%)","6226323","6226323"
"pt_ag_6226324","Conservação e Reparação - Mercado Extracomunitário - VLPHP - Sujeito a Tributação Autónoma (0%)","6226324","6226324"
"pt_ag_622633","Conservação e Reparação - Mercado Extracomunitário - Viaturas Ligeiras de Passageiros movidas a GPL ou GNV","622633","622633"
"pt_ag_6226331","Conservação e Reparação - Mercado Extracomunitário - GPL ou GNV - Sujeito a Tributação Autónoma (2,5%)","6226331","6226331"
"pt_ag_6226332","Conservação e Reparação - Mercado Extracomunitário - GPL ou GNV - Sujeito a Tributação Autónoma (7,5%)","6226332","6226332"
"pt_ag_6226333","Conservação e Reparação - Mercado Extracomunitário - GPL ou GNV - Sujeito a Tributação Autónoma (15%)","6226333","6226333"
"pt_ag_6226334","Conservação e Reparação - Mercado Extracomunitário - GPL ou GNV - Sujeito a Tributação Autónoma (0%)","6226334","6226334"
"pt_ag_622634","Conservação e Reparação - Mercado Extracomunitário - Viaturas Ligeiras de Passageiros movidas exclusivamente a Energia Elétrica","622634","622634"
"pt_ag_6226341","Conservação e Reparação - Mercado Extracomunitário - Energia Elétrica - Sujeito a Tributação Autónoma (10%)","6226341","6226341"
"pt_ag_6226342","Conservação e Reparação - Mercado Extracomunitário - Energia Elétrica - Sujeito a Tributação Autónoma (0%)","6226342","6226342"
"pt_ag_6228","Outros","6228","6228"
"pt_ag_623","Materiais","623","623"
"pt_ag_6231","Ferramentas e utensílios de desgaste rápido","6231","6231"
"pt_ag_6232","Livros e documentação técnica","6232","6232"
"pt_ag_6233","Material de escritório","6233","6233"
"pt_ag_6234","Artigos para oferta","6234","6234"
"pt_ag_6238","Outros","6238","6238"
"pt_ag_624","Energia e Fluidos","624","624"
"pt_ag_6241","Eletricidade","6241","6241"
"pt_ag_6242","Combustíveis","6242","6242"
"pt_ag_62421","Combustíveis - Mercado Nacional","62421","62421"
"pt_ag_624211","Combustíveis - Mercado Nacional - Viaturas Ligeiras de Passageiros e de Mercadorias","624211","624211"
"pt_ag_6242111","Combustíveis - Mercado Nacional - VLPM - Sujeito a Tributação Autónoma (8%)","6242111","6242111"
"pt_ag_62421111","Combustíveis - Mercado Nacional - VLPM - Sujeito a TA (8%) - Gasolina","62421111","62421111"
"pt_ag_62421112","Combustíveis - Mercado Nacional - VLPM - Sujeito a TA (8%) - Gasóleo","62421112","62421112"
"pt_ag_6242112","Combustíveis - Mercado Nacional - VLPM - Sujeito a Tributação Autónoma (25%)","6242112","6242112"
"pt_ag_62421121","Combustíveis - Mercado Nacional - VLPM - Sujeito a TA (25%) - Gasolina","62421121","62421121"
"pt_ag_62421122","Combustíveis - Mercado Nacional - VLPM - Sujeito a TA (25%) - Gasóleo","62421122","62421122"
"pt_ag_6242113","Combustíveis - Mercado Nacional - VLPM - Sujeito a Tributação Autónoma (32%)","6242113","6242113"
"pt_ag_62421131","Combustíveis - Mercado Nacional - VLPM - Sujeito a TA (32%) - Gasolina","62421131","62421131"
"pt_ag_62421132","Combustíveis - Mercado Nacional - VLPM - Sujeito a TA (32%) - Gasóleo","62421132","62421132"
"pt_ag_6242114","Combustíveis - Mercado Nacional - VLPM - Sujeito a Tributação Autónoma (0%)","6242114","6242114"
"pt_ag_62421141","Combustíveis - Mercado Nacional - VLPM - Sujeito a TA (0%) - Gasolina","62421141","62421141"
"pt_ag_62421142","Combustíveis - Mercado Nacional - VLPM - Sujeito a TA (0%) - Gasóleo","62421142","62421142"
"pt_ag_624212","Combustíveis - Mercado Nacional - Viaturas Ligeiras de Passageiros Híbridas Plug-in","624212","624212"
"pt_ag_6242121","Combustíveis - Mercado Nacional - VLPHP - Sujeito a Tributação Autónoma (2,5%)","6242121","6242121"
"pt_ag_62421211","Combustíveis - Mercado Nacional - VLPHP - Sujeito a TA (2,5%) - Gasolina","62421211","62421211"
"pt_ag_62421212","Combustíveis - Mercado Nacional - VLPHP - Sujeito a TA (2,5%) - Gasóleo","62421212","62421212"
"pt_ag_6242122","Combustíveis - Mercado Nacional - VLPHP - Sujeito a Tributação Autónoma (7,5%)","6242122","6242122"
"pt_ag_62421221","Combustíveis - Mercado Nacional - VLPHP - Sujeito a TA (7,5%) - Gasolina","62421221","62421221"
"pt_ag_62421222","Combustíveis - Mercado Nacional - VLPHP - Sujeito a TA (7,5%) - Gasóleo","62421222","62421222"
"pt_ag_6242123","Combustíveis - Mercado Nacional - VLPHP - Sujeito a Tributação Autónoma (15%)","6242123","6242123"
"pt_ag_62421231","Combustíveis - Mercado Nacional - VLPHP - Sujeito a TA (15%) - Gasolina","62421231","62421231"
"pt_ag_62421232","Combustíveis - Mercado Nacional - VLPHP - Sujeito a TA (15%) - Gasóleo","62421232","62421232"
"pt_ag_6242124","Combustíveis - Mercado Nacional - VLPHP - Sujeito a Tributação Autónoma (0%)","6242124","6242124"
"pt_ag_62421241","Combustíveis - Mercado Nacional - VLPHP - Sujeito a TA (0%) - Gasolina","62421241","62421241"
"pt_ag_62421242","Combustíveis - Mercado Nacional - VLPHP - Sujeito a TA (0%) - Gasóleo","62421242","62421242"
"pt_ag_624213","Combustíveis - Mercado Nacional - Viaturas Ligeiras de Passageiros movidas a GPL ou GNV","624213","624213"
"pt_ag_6242131","Combustíveis - Mercado Nacional - GPL ou GNV - Sujeito a Tributação Autónoma (2,5%)","6242131","6242131"
"pt_ag_62421311","Combustíveis - Mercado Nacional - GPL ou GNV - Sujeito a TA (2,5%) - Gasolina","62421311","62421311"
"pt_ag_62421312","Combustíveis - Mercado Nacional - GPL ou GNV - Sujeito a TA (2,5%) - Gasóleo","62421312","62421312"
"pt_ag_6242132","Combustíveis - Mercado Nacional - GPL ou GNV - Sujeito a Tributação Autónoma (7,5%)","6242132","6242132"
"pt_ag_62421321","Combustíveis - Mercado Nacional - GPL ou GNV - Sujeito a TA (7,5%) - Gasolina","62421321","62421321"
"pt_ag_62421322","Combustíveis - Mercado Nacional - GPL ou GNV - Sujeito a TA (7,5%) - Gasóleo","62421322","62421322"
"pt_ag_6242133","Combustíveis - Mercado Nacional - GPL ou GNV - Sujeito a Tributação Autónoma (15%)","6242133","6242133"
"pt_ag_62421331","Combustíveis - Mercado Nacional - GPL ou GNV - Sujeito a TA (15%) - Gasolina","62421331","62421331"
"pt_ag_62421332","Combustíveis - Mercado Nacional - GPL ou GNV - Sujeito a TA (15%) - Gasóleo","62421332","62421332"
"pt_ag_6242134","Combustíveis - Mercado Nacional - GPL ou GNV - Sujeito a Tributação Autónoma (0%)","6242134","6242134"
"pt_ag_62421341","Combustíveis - Mercado Nacional - GPL ou GNV - Sujeito a TA (0%) - Gasolina","62421341","62421341"
"pt_ag_62421342","Combustíveis - Mercado Nacional - GPL ou GNV - Sujeito a TA (0%) - Gasóleo","62421342","62421342"
"pt_ag_624214","Combustíveis - Mercado Nacional - Viaturas Ligeiras de Passageiros movidas exclusivamente a Energia Elétrica","624214","624214"
"pt_ag_6242141","Combustíveis - Mercado Nacional - Energia Elétrica - Sujeito a Tributação Autónoma (10%)","6242141","6242141"
"pt_ag_62422","Combustíveis - Mercado Intracomunitário","62422","62422"
"pt_ag_624221","Combustíveis - Mercado Intracomunitário - Viaturas Ligeiras de Passageiros e de Mercadorias","624221","624221"
"pt_ag_6242211","Combustíveis - Mercado Intracomunitário - VLPM - Sujeito a Tributação Autónoma (8%)","6242211","6242211"
"pt_ag_62422111","Combustíveis - Mercado Intracomunitário - VLPM - Sujeito a TA (8%) - Gasolina","62422111","62422111"
"pt_ag_62422112","Combustíveis - Mercado Intracomunitário - VLPM - Sujeito a TA (8%) - Gasóleo","62422112","62422112"
"pt_ag_6242212","Combustíveis - Mercado Intracomunitário - VLPM - Sujeito a Tributação Autónoma (25%)","6242212","6242212"
"pt_ag_62422121","Combustíveis - Mercado Intracomunitário - VLPM - Sujeito a TA (25%) - Gasolina","62422121","62422121"
"pt_ag_62422122","Combustíveis - Mercado Intracomunitário - VLPM - Sujeito a TA (25%) - Gasóleo","62422122","62422122"
"pt_ag_6242213","Combustíveis - Mercado Intracomunitário - VLPM - Sujeito a Tributação Autónoma (32%)","6242213","6242213"
"pt_ag_62422131","Combustíveis - Mercado Intracomunitário - VLPM - Sujeito a TA (32%) - Gasolina","62422131","62422131"
"pt_ag_62422132","Combustíveis - Mercado Intracomunitário - VLPM - Sujeito a TA (32%) - Gasóleo","62422132","62422132"
"pt_ag_6242214","Combustíveis - Mercado Intracomunitário - VLPM - Sujeito a Tributação Autónoma (0%)","6242214","6242214"
"pt_ag_62422141","Combustíveis - Mercado Intracomunitário - VLPM - Sujeito a TA (0%) - Gasolina","62422141","62422141"
"pt_ag_62422142","Combustíveis - Mercado Intracomunitário - VLPM - Sujeito a TA (0%) - Gasóleo","62422142","62422142"
"pt_ag_624222","Combustíveis - Mercado Intracomunitário - Viaturas Ligeiras de Passageiros Híbridas Plug-in","624222","624222"
"pt_ag_6242221","Combustíveis - Mercado Intracomunitário - VLPHP - Sujeito a Tributação Autónoma (2,5%)","6242221","6242221"
"pt_ag_62422211","Combustíveis - Mercado Intracomunitário - VLPHP - Sujeito a TA (2,5%) - Gasolina","62422211","62422211"
"pt_ag_62422212","Combustíveis - Mercado Intracomunitário - VLPHP - Sujeito a TA (2,5%) - Gasóleo","62422212","62422212"
"pt_ag_6242222","Combustíveis - Mercado Intracomunitário - VLPHP - Sujeito a Tributação Autónoma (7,5%)","6242222","6242222"
"pt_ag_62422221","Combustíveis - Mercado Intracomunitário - VLPHP - Sujeito a TA (7,5%) - Gasolina","62422221","62422221"
"pt_ag_62422222","Combustíveis - Mercado Intracomunitário - VLPHP - Sujeito a TA (7,5%) - Gasóleo","62422222","62422222"
"pt_ag_6242223","Combustíveis - Mercado Intracomunitário - VLPHP - Sujeito a Tributação Autónoma (15%)","6242223","6242223"
"pt_ag_62422231","Combustíveis - Mercado Intracomunitário - VLPHP - Sujeito a TA (15%) - Gasolina","62422231","62422231"
"pt_ag_62422232","Combustíveis - Mercado Intracomunitário - VLPHP - Sujeito a TA (15%) - Gasóleo","62422232","62422232"
"pt_ag_6242224","Combustíveis - Mercado Intracomunitário - VLPHP - Sujeito a Tributação Autónoma (0%)","6242224","6242224"
"pt_ag_62422241","Combustíveis - Mercado Intracomunitário - VLPHP - Sujeito a TA (0%) - Gasolina","62422241","62422241"
"pt_ag_62422242","Combustíveis - Mercado Intracomunitário - VLPHP - Sujeito a TA (0%) - Gasóleo","62422242","62422242"
"pt_ag_624223","Combustíveis - Mercado Intracomunitário - Viaturas Ligeiras de Passageiros movidas a GPL ou GNV","624223","624223"
"pt_ag_6242231","Combustíveis - Mercado Intracomunitário - GPL ou GNV - Sujeito a Tributação Autónoma (2,5%)","6242231","6242231"
"pt_ag_62422311","Combustíveis - Mercado Intracomunitário - GPL ou GNV - Sujeito a TA (2,5%) - Gasolina","62422311","62422311"
"pt_ag_62422312","Combustíveis - Mercado Intracomunitário - GPL ou GNV - Sujeito a TA (2,5%) - Gasóleo","62422312","62422312"
"pt_ag_6242232","Combustíveis - Mercado Intracomunitário - GPL ou GNV - Sujeito a Tributação Autónoma (7,5%)","6242232","6242232"
"pt_ag_62422321","Combustíveis - Mercado Intracomunitário - GPL ou GNV - Sujeito a TA (7,5%) - Gasolina","62422321","62422321"
"pt_ag_62422322","Combustíveis - Mercado Intracomunitário - GPL ou GNV - Sujeito a TA (7,5%) - Gasóleo","62422322","62422322"
"pt_ag_6242233","Combustíveis - Mercado Intracomunitário - GPL ou GNV - Sujeito a Tributação Autónoma (15%)","6242233","6242233"
"pt_ag_62422331","Combustíveis - Mercado Intracomunitário - GPL ou GNV - Sujeito a TA (15%) - Gasolina","62422331","62422331"
"pt_ag_62422332","Combustíveis - Mercado Intracomunitário - GPL ou GNV - Sujeito a TA (15%) - Gasóleo","62422332","62422332"
"pt_ag_6242234","Combustíveis - Mercado Intracomunitário - GPL ou GNV - Sujeito a Tributação Autónoma (0%)","6242234","6242234"
"pt_ag_62422341","Combustíveis - Mercado Intracomunitário - GPL ou GNV - Sujeito a TA (0%) - Gasolina","62422341","62422341"
"pt_ag_62422342","Combustíveis - Mercado Intracomunitário - GPL ou GNV - Sujeito a TA (0%) - Gasóleo","62422342","62422342"
"pt_ag_624224","Combustíveis - Mercado Intracomunitário - Viaturas Ligeiras de Passageiros movidas exclusivamente a Energia Elétrica","624224","624224"
"pt_ag_6242241","Combustíveis - Mercado Intracomunitário - Energia Elétrica - Sujeito a Tributação Autónoma (10%)","6242241","6242241"
"pt_ag_62423","Combustíveis - Mercado Extracomunitário","62423","62423"
"pt_ag_624231","Combustíveis - Mercado Extracomunitário - Viaturas Ligeiras de Passageiros e de Mercadorias","624231","624231"
"pt_ag_6242311","Combustíveis - Mercado Extracomunitário - VLPM - Sujeito a Tributação Autónoma (8%)","6242311","6242311"
"pt_ag_62423111","Combustíveis - Mercado Extracomunitário - VLPM - Sujeito a TA (8%) - Gasolina","62423111","62423111"
"pt_ag_62423112","Combustíveis - Mercado Extracomunitário - VLPM - Sujeito a TA (8%) - Gasóleo","62423112","62423112"
"pt_ag_6242312","Combustíveis - Mercado Extracomunitário - VLPM - Sujeito a Tributação Autónoma (25%)","6242312","6242312"
"pt_ag_62423121","Combustíveis - Mercado Extracomunitário - VLPM - Sujeito a TA (25%) - Gasolina","62423121","62423121"
"pt_ag_62423122","Combustíveis - Mercado Extracomunitário - VLPM - Sujeito a TA (25%) - Gasóleo","62423122","62423122"
"pt_ag_6242313","Combustíveis - Mercado Extracomunitário - VLPM - Sujeito a Tributação Autónoma (32%)","6242313","6242313"
"pt_ag_62423131","Combustíveis - Mercado Extracomunitário - VLPM - Sujeito a TA (32%) - Gasolina","62423131","62423131"
"pt_ag_62423132","Combustíveis - Mercado Extracomunitário - VLPM - Sujeito a TA (32%) - Gasóleo","62423132","62423132"
"pt_ag_6242314","Combustíveis - Mercado Extracomunitário - VLPM - Sujeito a Tributação Autónoma (0%)","6242314","6242314"
"pt_ag_62423141","Combustíveis - Mercado Extracomunitário - VLPM - Sujeito a TA (0%) - Gasolina","62423141","62423141"
"pt_ag_62423142","Combustíveis - Mercado Extracomunitário - VLPM - Sujeito a TA (0%) - Gasóleo","62423142","62423142"
"pt_ag_624232","Combustíveis - Mercado Extracomunitário - Viaturas Ligeiras de Passageiros Híbridas Plug-in","624232","624232"
"pt_ag_6242321","Combustíveis - Mercado Extracomunitário - VLPHP - Sujeito a Tributação Autónoma (2,5%)","6242321","6242321"
"pt_ag_62423211","Combustíveis - Mercado Extracomunitário - VLPHP - Sujeito a TA (2,5%) - Gasolina","62423211","62423211"
"pt_ag_62423212","Combustíveis - Mercado Extracomunitário - VLPHP - Sujeito a TA (2,5%) - Gasóleo","62423212","62423212"
"pt_ag_6242322","Combustíveis - Mercado Extracomunitário - VLPHP - Sujeito a Tributação Autónoma (7,5%)","6242322","6242322"
"pt_ag_62423221","Combustíveis - Mercado Extracomunitário - VLPHP - Sujeito a TA (7,5%) - Gasolina","62423221","62423221"
"pt_ag_62423222","Combustíveis - Mercado Extracomunitário - VLPHP - Sujeito a TA (7,5%) - Gasóleo","62423222","62423222"
"pt_ag_6242323","Combustíveis - Mercado Extracomunitário - VLPHP - Sujeito a Tributação Autónoma (15%)","6242323","6242323"
"pt_ag_62423231","Combustíveis - Mercado Extracomunitário - VLPHP - Sujeito a TA (15%) - Gasolina","62423231","62423231"
"pt_ag_62423232","Combustíveis - Mercado Extracomunitário - VLPHP - Sujeito a TA (15%) - Gasóleo","62423232","62423232"
"pt_ag_6242324","Combustíveis - Mercado Extracomunitário - VLPHP - Sujeito a Tributação Autónoma (0%)","6242324","6242324"
"pt_ag_62423241","Combustíveis - Mercado Extracomunitário - VLPHP - Sujeito a TA (0%) - Gasolina","62423241","62423241"
"pt_ag_62423242","Combustíveis - Mercado Extracomunitário - VLPHP - Sujeito a TA (0%) - Gasóleo","62423242","62423242"
"pt_ag_624233","Combustíveis - Mercado Extracomunitário - Viaturas Ligeiras de Passageiros movidas a GPL ou GNV","624233","624233"
"pt_ag_6242331","Combustíveis - Mercado Extracomunitário - GPL ou GNV - Sujeito a Tributação Autónoma (2,5%)","6242331","6242331"
"pt_ag_62423311","Combustíveis - Mercado Extracomunitário - GPL ou GNV - Sujeito a TA (2,5%) - Gasolina","62423311","62423311"
"pt_ag_62423312","Combustíveis - Mercado Extracomunitário - GPL ou GNV - Sujeito a TA (2,5%) - Gasóleo","62423312","62423312"
"pt_ag_6242332","Combustíveis - Mercado Extracomunitário - GPL ou GNV - Sujeito a Tributação Autónoma (7,5%)","6242332","6242332"
"pt_ag_62423321","Combustíveis - Mercado Extracomunitário - GPL ou GNV - Sujeito a TA (7,5%) - Gasolina","62423321","62423321"
"pt_ag_62423322","Combustíveis - Mercado Extracomunitário - GPL ou GNV - Sujeito a TA (7,5%) - Gasóleo","62423322","62423322"
"pt_ag_6242333","Combustíveis - Mercado Extracomunitário - GPL ou GNV - Sujeito a Tributação Autónoma (15%)","6242333","6242333"
"pt_ag_62423331","Combustíveis - Mercado Extracomunitário - GPL ou GNV - Sujeito a TA (15%) - Gasolina","62423331","62423331"
"pt_ag_62423332","Combustíveis - Mercado Extracomunitário - GPL ou GNV - Sujeito a TA (15%) - Gasóleo","62423332","62423332"
"pt_ag_6242334","Combustíveis - Mercado Extracomunitário - GPL ou GNV - Sujeito a Tributação Autónoma (0%)","6242334","6242334"
"pt_ag_62423341","Combustíveis - Mercado Extracomunitário - GPL ou GNV - Sujeito a TA (0%) - Gasolina","62423341","62423341"
"pt_ag_62423342","Combustíveis - Mercado Extracomunitário - GPL ou GNV - Sujeito a TA (0%) - Gasóleo","62423342","62423342"
"pt_ag_624234","Combustíveis - Mercado Extracomunitário - Viaturas Ligeiras de Passageiros movidas exclusivamente a Energia Elétrica","624234","624234"
"pt_ag_6242341","Combustíveis - Mercado Extracomunitário - Energia Elétrica - Sujeito a Tributação Autónoma (10%)","6242341","6242341"
"pt_ag_6243","Água","6243","6243"
"pt_ag_6248","Outros","6248","6248"
"pt_ag_625","Deslocações, Estadas e Transportes","625","625"
"pt_ag_6251","Deslocações e Estadas","6251","6251"
"pt_ag_62511","Deslocações e Estadas - Mercado Nacional","62511","62511"
"pt_ag_625113","Deslocações e Estadas - Mercado Nacional - Compens. util. viatura própria (km pagos)","625113","625113"
"pt_ag_6251131","Deslocações e Estadas - Mercado Nacional - Compens. util. viatura própria (km pagos) - Gerência","6251131","6251131"
"pt_ag_6251132","Deslocações e Estadas - Mercado Nacional - Compens. util. viatura própria (km pagos) - Pessoal","6251132","6251132"
"pt_ag_625114","Deslocações e Estadas - Mercado Nacional - Portagens e Estacionamentos","625114","625114"
"pt_ag_6251141","Deslocações e Estadas - Mercado Nacional - Portagens e Estacionamentos - Viaturas Ligeiras de Passageiros e de Mercadorias","6251141","6251141"
"pt_ag_62511411","Deslocações e Estadas - Mercado Nacional - Portagens e Estacionamentos - VLPM - Sujeito a Tributação Autónoma (8%)","62511411","62511411"
"pt_ag_62511412","Deslocações e Estadas - Mercado Nacional - Portagens e Estacionamentos - VLPM - Sujeito a Tributação Autónoma (25%)","62511412","62511412"
"pt_ag_62511413","Deslocações e Estadas - Mercado Nacional - Portagens e Estacionamentos - VLPM - Sujeito a Tributação Autónoma (32%)","62511413","62511413"
"pt_ag_62511414","Deslocações e Estadas - Mercado Nacional - Portagens e Estacionamentos - VLPM - Sujeito a Tributação Autónoma (0%)","62511414","62511414"
"pt_ag_6251142","Deslocações e Estadas - Mercado Nacional - Portagens e Estacionamentos - Viaturas Ligeiras de Passageiros Híbridas Plug-in","6251142","6251142"
"pt_ag_62511421","Deslocações e Estadas - Mercado Nacional - Portagens e Estacionamentos - VLPHP - Sujeito a Tributação Autónoma (2,5%)","62511421","62511421"
"pt_ag_62511422","Deslocações e Estadas - Mercado Nacional - Portagens e Estacionamentos - VLPHP - Sujeito a Tributação Autónoma (7,5%)","62511422","62511422"
"pt_ag_62511423","Deslocações e Estadas - Mercado Nacional - Portagens e Estacionamentos - VLPHP - Sujeito a Tributação Autónoma (15%)","62511423","62511423"
"pt_ag_62511424","Deslocações e Estadas - Mercado Nacional - Portagens e Estacionamentos - VLPHP - Sujeito a Tributação Autónoma (0%)","62511424","62511424"
"pt_ag_6251143","Deslocações e Estadas - Mercado Nacional - Portagens e Estacionamentos - Viaturas Ligeiras de Passageiros movidas a GPL ou GNV","6251143","6251143"
"pt_ag_62511431","Deslocações e Estadas - Mercado Nacional - Portagens e Estacionamentos - GPL ou GNV - Sujeito a Tributação Autónoma (2,5%)","62511431","62511431"
"pt_ag_62511432","Deslocações e Estadas - Mercado Nacional - Portagens e Estacionamentos - GPL ou GNV - Sujeito a Tributação Autónoma (7,5%)","62511432","62511432"
"pt_ag_62511433","Deslocações e Estadas - Mercado Nacional - Portagens e Estacionamentos - GPL ou GNV - Sujeito a Tributação Autónoma (15%)","62511433","62511433"
"pt_ag_62511434","Deslocações e Estadas - Mercado Nacional - Portagens e Estacionamentos - GPL ou GNV - Sujeito a Tributação Autónoma (0%)","62511434","62511434"
"pt_ag_6251144","Deslocações e Estadas - Mercado Nacional - Portagens e Estacionamentos - Viaturas Ligeiras de Passageiros movidas exclusivamente a Energia Elétrica","6251144","6251144"
"pt_ag_62511441","Deslocações e Estadas - Mercado Nacional - Portagens e Estacionamentos - Energia Elétrica - Sujeito a Tributação Autónoma (10%)","62511441","62511441"
"pt_ag_62511442","Deslocações e Estadas - Mercado Nacional - Portagens e Estacionamentos - Energia Elétrica - Sujeito a Tributação Autónoma (0%)","62511442","62511442"
"pt_ag_62512","Deslocações e Estadas - Mercado Intracomunitário","62512","62512"
"pt_ag_625123","Deslocações e Estadas - Mercado Intracomunitário - Compens. util. viatura própria (km pagos)","625123","625123"
"pt_ag_6251231","Deslocações e Estadas - Mercado Intracomunitário - Compens. util. viatura própria (km pagos) - Gerência","6251231","6251231"
"pt_ag_6251232","Deslocações e Estadas - Mercado Intracomunitário - Compens. util. viatura própria (km pagos) - Pessoal","6251232","6251232"
"pt_ag_625124","Deslocações e Estadas - Mercado Intracomunitário - Portagens e Estacionamentos","625124","625124"
"pt_ag_6251241","Deslocações e Estadas - Mercado Intracomunitário - Portagens e Estacionamentos - Viaturas Ligeiras de Passageiros e de Mercadorias","6251241","6251241"
"pt_ag_62512411","Deslocações e Estadas - Mercado Intracomunitário - Portagens e Estacionamentos - VLPM - Sujeito a Tributação Autónoma (8%)","62512411","62512411"
"pt_ag_62512412","Deslocações e Estadas - Mercado Intracomunitário - Portagens e Estacionamentos - VLPM - Sujeito a Tributação Autónoma (25%)","62512412","62512412"
"pt_ag_62512413","Deslocações e Estadas - Mercado Intracomunitário - Portagens e Estacionamentos - VLPM - Sujeito a Tributação Autónoma (32%)","62512413","62512413"
"pt_ag_62512414","Deslocações e Estadas - Mercado Intracomunitário - Portagens e Estacionamentos - VLPM - Sujeito a Tributação Autónoma (0%)","62512414","62512414"
"pt_ag_6251242","Deslocações e Estadas - Mercado Intracomunitário - Portagens e Estacionamentos - Viaturas Ligeiras de Passageiros Híbridas Plug-in","6251242","6251242"
"pt_ag_62512421","Deslocações e Estadas - Mercado Intracomunitário - Portagens e Estacionamentos - VLPHP - Sujeito a Tributação Autónoma (2,5%)","62512421","62512421"
"pt_ag_62512422","Deslocações e Estadas - Mercado Intracomunitário - Portagens e Estacionamentos - VLPHP - Sujeito a Tributação Autónoma (7,5%)","62512422","62512422"
"pt_ag_62512423","Deslocações e Estadas - Mercado Intracomunitário - Portagens e Estacionamentos - VLPHP - Sujeito a Tributação Autónoma (15%)","62512423","62512423"
"pt_ag_62512424","Deslocações e Estadas - Mercado Intracomunitário - Portagens e Estacionamentos - VLPHP - Sujeito a Tributação Autónoma (0%)","62512424","62512424"
"pt_ag_6251243","Deslocações e Estadas - Mercado Intracomunitário - Portagens e Estacionamentos - Viaturas Ligeiras de Passageiros movidas a GPL ou GNV","6251243","6251243"
"pt_ag_62512431","Deslocações e Estadas - Mercado Intracomunitário - Portagens e Estacionamentos - GPL ou GNV - Sujeito a Tributação Autónoma (2,5%)","62512431","62512431"
"pt_ag_62512432","Deslocações e Estadas - Mercado Intracomunitário - Portagens e Estacionamentos - GPL ou GNV - Sujeito a Tributação Autónoma (7,5%)","62512432","62512432"
"pt_ag_62512433","Deslocações e Estadas - Mercado Intracomunitário - Portagens e Estacionamentos - GPL ou GNV - Sujeito a Tributação Autónoma (15%)","62512433","62512433"
"pt_ag_62512434","Deslocações e Estadas - Mercado Intracomunitário - Portagens e Estacionamentos - GPL ou GNV - Sujeito a Tributação Autónoma (0%)","62512434","62512434"
"pt_ag_6251244","Deslocações e Estadas - Mercado Intracomunitário - Portagens e Estacionamentos - Viaturas Ligeiras de Passageiros movidas exclusivamente a Energia Elétrica","6251244","6251244"
"pt_ag_62512441","Deslocações e Estadas - Mercado Intracomunitário - Portagens e Estacionamentos - Energia Elétrica - Sujeito a Tributação Autónoma (10%)","62512441","62512441"
"pt_ag_62512442","Deslocações e Estadas - Mercado Intracomunitário - Portagens e Estacionamentos - Energia Elétrica - Sujeito a Tributação Autónoma (0%)","62512442","62512442"
"pt_ag_62513","Deslocações e Estadas - Mercado Extracomunitário","62513","62513"
"pt_ag_625133","Deslocações e Estadas - Mercado Extracomunitário - Compens. util. viatura própria (km pagos)","625133","625133"
"pt_ag_6251331","Deslocações e Estadas - Mercado Extracomunitário - Compens. util. viatura própria (km pagos) - Gerência","6251331","6251331"
"pt_ag_6251332","Deslocações e Estadas - Mercado Extracomunitário - Compens. util. viatura própria (km pagos) - Pessoal","6251332","6251332"
"pt_ag_625134","Deslocações e Estadas - Mercado Extracomunitário - Portagens e Estacionamentos","625134","625134"
"pt_ag_6251341","Deslocações e Estadas - Mercado Extracomunitário - Portagens e Estacionamentos - Viaturas Ligeiras de Passageiros e de Mercadorias","6251341","6251341"
"pt_ag_62513411","Deslocações e Estadas - Mercado Extracomunitário - Portagens e Estacionamentos - VLPM - Sujeito a Tributação Autónoma (8%)","62513411","62513411"
"pt_ag_62513412","Deslocações e Estadas - Mercado Extracomunitário - Portagens e Estacionamentos - VLPM - Sujeito a Tributação Autónoma (25%)","62513412","62513412"
"pt_ag_62513413","Deslocações e Estadas - Mercado Extracomunitário - Portagens e Estacionamentos - VLPM - Sujeito a Tributação Autónoma (32%)","62513413","62513413"
"pt_ag_62513414","Deslocações e Estadas - Mercado Extracomunitário - Portagens e Estacionamentos - VLPM - Sujeito a Tributação Autónoma (0%)","62513414","62513414"
"pt_ag_6251342","Deslocações e Estadas - Mercado Extracomunitário - Portagens e Estacionamentos - Viaturas Ligeiras de Passageiros Híbridas Plug-in","6251342","6251342"
"pt_ag_62513421","Deslocações e Estadas - Mercado Extracomunitário - Portagens e Estacionamentos - VLPHP - Sujeito a Tributação Autónoma (2,5%)","62513421","62513421"
"pt_ag_62513422","Deslocações e Estadas - Mercado Extracomunitário - Portagens e Estacionamentos - VLPHP - Sujeito a Tributação Autónoma (7,5%)","62513422","62513422"
"pt_ag_62513423","Deslocações e Estadas - Mercado Extracomunitário - Portagens e Estacionamentos - VLPHP - Sujeito a Tributação Autónoma (15%)","62513423","62513423"
"pt_ag_62513424","Deslocações e Estadas - Mercado Extracomunitário - Portagens e Estacionamentos - VLPHP - Sujeito a Tributação Autónoma (0%)","62513424","62513424"
"pt_ag_6251343","Deslocações e Estadas - Mercado Extracomunitário - Portagens e Estacionamentos - Viaturas Ligeiras de Passageiros movidas a GPL ou GNV","6251343","6251343"
"pt_ag_62513431","Deslocações e Estadas - Mercado Extracomunitário - Portagens e Estacionamentos - GPL ou GNV - Sujeito a Tributação Autónoma (2,5%)","62513431","62513431"
"pt_ag_62513432","Deslocações e Estadas - Mercado Extracomunitário - Portagens e Estacionamentos - GPL ou GNV - Sujeito a Tributação Autónoma (7,5%)","62513432","62513432"
"pt_ag_62513433","Deslocações e Estadas - Mercado Extracomunitário - Portagens e Estacionamentos - GPL ou GNV - Sujeito a Tributação Autónoma (15%)","62513433","62513433"
"pt_ag_62513434","Deslocações e Estadas - Mercado Extracomunitário - Portagens e Estacionamentos - GPL ou GNV - Sujeito a Tributação Autónoma (0%)","62513434","62513434"
"pt_ag_6251344","Deslocações e Estadas - Mercado Extracomunitário - Portagens e Estacionamentos - Viaturas Ligeiras de Passageiros movidas exclusivamente a Energia Elétrica","6251344","6251344"
"pt_ag_62513441","Deslocações e Estadas - Mercado Extracomunitário - Portagens e Estacionamentos - Energia Elétrica - Sujeito a Tributação Autónoma (10%)","62513441","62513441"
"pt_ag_62513442","Deslocações e Estadas - Mercado Extracomunitário - Portagens e Estacionamentos - Energia Elétrica - Sujeito a Tributação Autónoma (0%)","62513442","62513442"
"pt_ag_6252","Transportes de pessoal","6252","6252"
"pt_ag_6253","Transportes de mercadorias","6253","6253"
"pt_ag_6258","Outros","6258","6258"
"pt_ag_626","Serviços diversos","626","626"
"pt_ag_62611","Rendas e Alugueres - Mercado Nacional","62611","62611"
"pt_ag_626111","Rendas e Alugueres - Mercado Nacional - Viaturas","626111","626111"
"pt_ag_6261111","Rendas e Alugueres - Mercado Nacional - Viaturas - Ligeiras de Passageiros e de Mercadorias","6261111","6261111"
"pt_ag_62611111","Rendas e Alugueres - Mercado Nacional - Viaturas - LPM - Sujeito a Tributação Autónoma (8%)","62611111","62611111"
"pt_ag_62611112","Rendas e Alugueres - Mercado Nacional - Viaturas - LPM - Sujeito a Tributação Autónoma (25%)","62611112","62611112"
"pt_ag_62611113","Rendas e Alugueres - Mercado Nacional - Viaturas - LPM - Sujeito a Tributação Autónoma (32%)","62611113","62611113"
"pt_ag_62611114","Rendas e Alugueres - Mercado Nacional - Viaturas - LPM - Sujeito a Tributação Autónoma (0%)","62611114","62611114"
"pt_ag_6261112","Rendas e Alugueres - Mercado Nacional - Viaturas - Ligeiras de Passageiros Híbridas Plug-in","6261112","6261112"
"pt_ag_62611121","Rendas e Alugueres - Mercado Nacional - Viaturas - LPHP - Sujeito a Tributação Autónoma (2,5%)","62611121","62611121"
"pt_ag_62611122","Rendas e Alugueres - Mercado Nacional - Viaturas - LPHP - Sujeito a Tributação Autónoma (7,5%)","62611122","62611122"
"pt_ag_62611123","Rendas e Alugueres - Mercado Nacional - Viaturas - LPHP - Sujeito a Tributação Autónoma (15%)","62611123","62611123"
"pt_ag_62611124","Rendas e Alugueres - Mercado Nacional - Viaturas - LPHP - Sujeito a Tributação Autónoma (0%)","62611124","62611124"
"pt_ag_6261113","Rendas e Alugueres - Mercado Nacional - Viaturas - Ligeiras de Passageiros movidas a GPL ou GNV","6261113","6261113"
"pt_ag_62611131","Rendas e Alugueres - Mercado Nacional - Viaturas - GPL ou GNV - Sujeito a Tributação Autónoma (2,5%)","62611131","62611131"
"pt_ag_62611132","Rendas e Alugueres - Mercado Nacional - Viaturas - GPL ou GNV - Sujeito a Tributação Autónoma (7,5%)","62611132","62611132"
"pt_ag_62611133","Rendas e Alugueres - Mercado Nacional - Viaturas - GPL ou GNV - Sujeito a Tributação Autónoma (15%)","62611133","62611133"
"pt_ag_62611134","Rendas e Alugueres - Mercado Nacional - Viaturas - GPL ou GNV - Sujeito a Tributação Autónoma (0%)","62611134","62611134"
"pt_ag_6261114","Rendas e Alugueres - Mercado Nacional - Viaturas - Ligeiras de Passageiros movidas exclusivamente a Energia Elétrica","6261114","6261114"
"pt_ag_62611141","Rendas e Alugueres - Mercado Nacional - Viaturas - Energia Elétrica - Sujeito a Tributação Autónoma (10%)","62611141","62611141"
"pt_ag_62611142","Rendas e Alugueres - Mercado Nacional - Viaturas - Energia Elétrica - Sujeito a Tributação Autónoma (0%)","62611142","62611142"
"pt_ag_62612","Rendas e Alugueres - Mercado Intracomunitário","62612","62612"
"pt_ag_626121","Rendas e Alugueres - Mercado Intracomunitário - Viaturas","626121","626121"
"pt_ag_6261211","Rendas e Alugueres - Mercado Intracomunitário - Viaturas - Ligeiras de Passageiros e de Mercadorias","6261211","6261211"
"pt_ag_62612111","Rendas e Alugueres - Mercado Intracomunitário - Viaturas - LPM - Sujeito a Tributação Autónoma (8%)","62612111","62612111"
"pt_ag_62612112","Rendas e Alugueres - Mercado Intracomunitário - Viaturas - LPM - Sujeito a Tributação Autónoma (25%)","62612112","62612112"
"pt_ag_62612113","Rendas e Alugueres - Mercado Intracomunitário - Viaturas - LPM - Sujeito a Tributação Autónoma (32%)","62612113","62612113"
"pt_ag_62612114","Rendas e Alugueres - Mercado Intracomunitário - Viaturas - LPM - Sujeito a Tributação Autónoma (0%)","62612114","62612114"
"pt_ag_6261212","Rendas e Alugueres - Mercado Intracomunitário - Viaturas - Ligeiras de Passageiros Híbridas Plug-in","6261212","6261212"
"pt_ag_62612121","Rendas e Alugueres - Mercado Intracomunitário - Viaturas - LPHP - Sujeito a Tributação Autónoma (2,5%)","62612121","62612121"
"pt_ag_62612122","Rendas e Alugueres - Mercado Intracomunitário - Viaturas - LPHP - Sujeito a Tributação Autónoma (7,5%)","62612122","62612122"
"pt_ag_62612123","Rendas e Alugueres - Mercado Intracomunitário - Viaturas - LPHP - Sujeito a Tributação Autónoma (15%)","62612123","62612123"
"pt_ag_62612124","Rendas e Alugueres - Mercado Intracomunitário - Viaturas - LPHP - Sujeito a Tributação Autónoma (0%)","62612124","62612124"
"pt_ag_6261213","Rendas e Alugueres - Mercado Intracomunitário - Viaturas - Ligeiras de Passageiros movidas a GPL ou GNV","6261213","6261213"
"pt_ag_62612131","Rendas e Alugueres - Mercado Intracomunitário - Viaturas - GPL ou GNV - Sujeito a Tributação Autónoma (2,5%)","62612131","62612131"
"pt_ag_62612132","Rendas e Alugueres - Mercado Intracomunitário - Viaturas - GPL ou GNV - Sujeito a Tributação Autónoma (7,5%)","62612132","62612132"
"pt_ag_62612133","Rendas e Alugueres - Mercado Intracomunitário - Viaturas - GPL ou GNV - Sujeito a Tributação Autónoma (15%)","62612133","62612133"
"pt_ag_62612134","Rendas e Alugueres - Mercado Intracomunitário - Viaturas - GPL ou GNV - Sujeito a Tributação Autónoma (0%)","62612134","62612134"
"pt_ag_6261214","Rendas e Alugueres - Mercado Intracomunitário - Viaturas - Ligeiras de Passageiros movidas exclusivamente a Energia Elétrica","6261214","6261214"
"pt_ag_62612141","Rendas e Alugueres - Mercado Intracomunitário - Viaturas - Energia Elétrica - Sujeito a Tributação Autónoma (10%)","62612141","62612141"
"pt_ag_62612142","Rendas e Alugueres - Mercado Intracomunitário - Viaturas - Energia Elétrica - Sujeito a Tributação Autónoma (0%)","62612142","62612142"
"pt_ag_62613","Rendas e Alugueres - Mercado Extracomunitário","62613","62613"
"pt_ag_626131","Rendas e Alugueres - Mercado Extracomunitário - Viaturas","626131","626131"
"pt_ag_6261311","Rendas e Alugueres - Mercado Extracomunitário - Viaturas - Ligeiras de Passageiros e de Mercadorias","6261311","6261311"
"pt_ag_62613111","Rendas e Alugueres - Mercado Extracomunitário - Viaturas - LPM - Sujeito a Tributação Autónoma (8%)","62613111","62613111"
"pt_ag_62613112","Rendas e Alugueres - Mercado Extracomunitário - Viaturas - LPM - Sujeito a Tributação Autónoma (25%)","62613112","62613112"
"pt_ag_62613113","Rendas e Alugueres - Mercado Extracomunitário - Viaturas - LPM - Sujeito a Tributação Autónoma (32%)","62613113","62613113"
"pt_ag_62613114","Rendas e Alugueres - Mercado Extracomunitário - Viaturas - LPM - Sujeito a Tributação Autónoma (0%)","62613114","62613114"
"pt_ag_6261312","Rendas e Alugueres - Mercado Extracomunitário - Viaturas - Ligeiras de Passageiros Híbridas Plug-in","6261312","6261312"
"pt_ag_62613121","Rendas e Alugueres - Mercado Extracomunitário - Viaturas - LPHP - Sujeito a Tributação Autónoma (2,5%)","62613121","62613121"
"pt_ag_62613122","Rendas e Alugueres - Mercado Extracomunitário - Viaturas - LPHP - Sujeito a Tributação Autónoma (7,5%)","62613122","62613122"
"pt_ag_62613123","Rendas e Alugueres - Mercado Extracomunitário - Viaturas - LPHP - Sujeito a Tributação Autónoma (15%)","62613123","62613123"
"pt_ag_62613124","Rendas e Alugueres - Mercado Extracomunitário - Viaturas - LPHP - Sujeito a Tributação Autónoma (0%)","62613124","62613124"
"pt_ag_6261313","Rendas e Alugueres - Mercado Extracomunitário - Viaturas - Ligeiras de Passageiros movidas a GPL ou GNV","6261313","6261313"
"pt_ag_62613131","Rendas e Alugueres - Mercado Extracomunitário - Viaturas - GPL ou GNV - Sujeito a Tributação Autónoma (2,5%)","62613131","62613131"
"pt_ag_62613132","Rendas e Alugueres - Mercado Extracomunitário - Viaturas - GPL ou GNV - Sujeito a Tributação Autónoma (7,5%)","62613132","62613132"
"pt_ag_62613133","Rendas e Alugueres - Mercado Extracomunitário - Viaturas - GPL ou GNV - Sujeito a Tributação Autónoma (15%)","62613133","62613133"
"pt_ag_62613134","Rendas e Alugueres - Mercado Extracomunitário - Viaturas - GPL ou GNV - Sujeito a Tributação Autónoma (0%)","62613134","62613134"
"pt_ag_6261314","Rendas e Alugueres - Mercado Extracomunitário - Viaturas - Ligeiras de Passageiros movidas exclusivamente a Energia Elétrica","6261314","6261314"
"pt_ag_62613141","Rendas e Alugueres - Mercado Extracomunitário - Viaturas - Energia Elétrica - Sujeito a Tributação Autónoma (10%)","62613141","62613141"
"pt_ag_62613142","Rendas e Alugueres - Mercado Extracomunitário - Viaturas - Energia Elétrica - Sujeito a Tributação Autónoma (0%)","62613142","62613142"
"pt_ag_6262","Comunicação","6262","6262"
"pt_ag_6263","Seguros","6263","6263"
"pt_ag_62631","Seguros - Mercado Nacional","62631","62631"
"pt_ag_626311","Seguros - Mercado Nacional - Autómovel","626311","626311"
"pt_ag_6263111","Seguros - Mercado Nacional - Autómovel - Viaturas Ligeiras de Passageiros e de Mercadorias","6263111","6263111"
"pt_ag_6263112","Seguros - Mercado Nacional - Autómovel - Viaturas Ligeiras de Passageiros Híbridas Plug-in","6263112","6263112"
"pt_ag_6263113","Seguros - Mercado Nacional - Autómovel - Viaturas Ligeiras de Passageiros movidas a GPL ou GNV","6263113","6263113"
"pt_ag_6263114","Seguros - Mercado Nacional - Autómovel - Viaturas Ligeiras de Passageiros movidas exclusivamente a Energia Elétrica","6263114","6263114"
"pt_ag_62632","Seguros - Mercado Intracomunitário","62632","62632"
"pt_ag_626321","Seguros - Mercado Intracomunitário - Autómovel","626321","626321"
"pt_ag_6263211","Seguros - Mercado Intracomunitário - Autómovel - Viaturas Ligeiras de Passageiros e de Mercadorias","6263211","6263211"
"pt_ag_6263212","Seguros - Mercado Intracomunitário - Autómovel - Viaturas Ligeiras de Passageiros Híbridas Plug-in","6263212","6263212"
"pt_ag_6263213","Seguros - Mercado Intracomunitário - Autómovel - Viaturas Ligeiras de Passageiros movidas a GPL ou GNV","6263213","6263213"
"pt_ag_6263214","Seguros - Mercado Intracomunitário - Autómovel - Viaturas Ligeiras de Passageiros movidas exclusivamente a Energia Elétrica","6263214","6263214"
"pt_ag_62633","Seguros - Mercado Extracomunitário","62633","62633"
"pt_ag_626331","Seguros - Mercado Extracomunitário - Autómovel","626331","626331"
"pt_ag_6263311","Seguros - Mercado Extracomunitário - Autómovel - Viaturas Ligeiras de Passageiros e de Mercadorias","6263311","6263311"
"pt_ag_6263312","Seguros - Mercado Extracomunitário - Autómovel - Viaturas Ligeiras de Passageiros Híbridas Plug-in","6263312","6263312"
"pt_ag_6263313","Seguros - Mercado Extracomunitário - Autómovel - Viaturas Ligeiras de Passageiros movidas a GPL ou GNV","6263313","6263313"
"pt_ag_6263314","Seguros - Mercado Extracomunitário - Autómovel - Viaturas Ligeiras de Passageiros movidas exclusivamente a Energia Elétrica","6263314","6263314"
"pt_ag_6264","Royalties","6264","6264"
"pt_ag_6265","Contencioso e notariado","6265","6265"
"pt_ag_6266","Despesas de Representação","6266","6266"
"pt_ag_62661","Despesas de Representação - Mercado Nacional","62661","62661"
"pt_ag_626611","Despesas de Representação - Mercado Nacional - Sujeito a Tributação Autónoma (10%)","626611","626611"
"pt_ag_62662","Despesas de Representação - Mercado Intracomunitário","62662","62662"
"pt_ag_626621","Despesas de Representação - Mercado Intracomunitário - Sujeito a Tributação Autónoma (10%)","626621","626621"
"pt_ag_62663","Despesas de Representação - Mercado Extracomunitário","62663","62663"
"pt_ag_626631","Despesas de Representação - Mercado Extracomunitário - Sujeito a Tributação Autónoma (10%)","626631","626631"
"pt_ag_6267","Limpeza, higiene e conforto","6267","6267"
"pt_ag_6268","Outros serviços","6268","6268"
"pt_ag_63","Gastos com o Pessoal","63","63"
"pt_ag_631","Remunerações dos órgãos sociais","631","631"
"pt_ag_6318","Ajudas de Custo - Gerência","6318","6318"
"pt_ag_63182","Não Faturadas a Clientes","63182","63182"
"pt_ag_632","Remunerações do pessoal","632","632"
"pt_ag_6328","Ajudas de Custo - Pessoal","6328","6328"
"pt_ag_63282","Não Faturadas a Clientes","63282","63282"
"pt_ag_633","Benefícios pós-emprego","633","633"
"pt_ag_64","Gastos de Depreciação e de Amortização","64","64"
"pt_ag_641","Gastos de Depreciação e de Amortização - Propriedades de Investimento","641","641"
"pt_ag_642","Gastos de Depreciação e de Amortização - Ativos Fixos Tangíveis","642","642"
"pt_ag_6424","Gastos de Depreciação e de Amortização - AFT - Equipamento de Transporte","6424","6424"
"pt_ag_64241","Gastos de Depreciação e de Amortização - AFT - Equipamento de Transporte - Viaturas Ligeiras de Passageiros e de Mercadorias","64241","64241"
"pt_ag_64242","Gastos de Depreciação e de Amortização - AFT - Equipamento de Transporte - Viaturas Ligeiras de Passageiros Híbridas Plug-in","64242","64242"
"pt_ag_64243","Gastos de Depreciação e de Amortização - AFT - Equipamento de Transporte - Viaturas Ligeiras de Passageiros movidas a GPL ou GNV","64243","64243"
"pt_ag_64244","Gastos de Depreciação e de Amortização - AFT - Equipamento de Transporte - Viaturas Ligeiras de Passageiros movidas exclusivamente a Energia Elétrica","64244","64244"
"pt_ag_643","Gastos de Depreciação e de Amortização - Ativos Intangíveis","643","643"
"pt_ag_65","Perdas por Imparidade","65","65"
"pt_ag_651","Em Clientes","651","651"
"pt_ag_652","Em inventários","652","652"
"pt_ag_6526","Ativos Biológicos","6526","6526"
"pt_ag_653","Em investimentos financeiros","653","653"
"pt_ag_654","Em propriedades de investimento","654","654"
"pt_ag_655","Em activos fixos tangíveis","655","655"
"pt_ag_656","Em activos intangíveis","656","656"
"pt_ag_657","Em investimentos em curso","657","657"
"pt_ag_6575","Adiantamentos por conta de investimentos","6575","6575"
"pt_ag_658","Em activos não correntes detidos para venda","658","658"
"pt_ag_66","Perdas por Reduções e Justo Valor","66","66"
"pt_ag_662","Em investimentos financeiros","662","662"
"pt_ag_663","Em propriedades de investimento","663","663"
"pt_ag_664","Em activos biológicos","664","664"
"pt_ag_67","Provisões do Período","67","67"
"pt_ag_68","Outros Gastos","68","68"
"pt_ag_681","Impostos","681","681"
"pt_ag_6812","Impostos indirectos","6812","6812"
"pt_ag_68124","Impostos Indirectos - Imposto Único de Circulação (IUC)","68124","68124"
"pt_ag_681241","Impostos Indirectos - IUC - Viaturas Ligeiras de Passageiros e de Mercadorias","681241","681241"
"pt_ag_681242","Impostos Indirectos - IUC - Viaturas Ligeiras de Passageiros Híbridas Plug-in","681242","681242"
"pt_ag_681243","Impostos Indirectos - IUC - Viaturas Ligeiras de Passageiros movidas a GPL ou GNV","681243","681243"
"pt_ag_681244","Impostos Indirectos - IUC - Viaturas Ligeiras de Passageiros movidas exclusivamente a Energia Elétrica","681244","681244"
"pt_ag_684","Perdas em inventários","684","684"
"pt_ag_685","Gastos e perdas em subsidiárias, associadas e empreendimentos conjuntos","685","685"
"pt_ag_686","Gastos e perdas nos restantes investimentos financeiros","686","686"
"pt_ag_687","Gastos e perdas em investimentos não financeiros","687","687"
"pt_ag_688","Outros Gastos","688","688"
"pt_ag_6882","Donativos","6882","6882"
"pt_ag_68821","Considerados como Custo Fiscal","68821","68821"
"pt_ag_688211","Com Majoração","688211","688211"
"pt_ag_6888","Outros não especificados","6888","6888"
"pt_ag_68882","Gastos Não Consideradas Custos Fiscais","68882","68882"
"pt_ag_688821","Despesas Não Documentadas","688821","688821"
"pt_ag_68883","Multas e Penalidades","68883","68883"
"pt_ag_69","Gastos de Financiamento","69","69"
"pt_ag_691","Juros Suportados","691","691"
"pt_ag_6911","Juros Suportados - Juros de Financiamentos Obtidos","6911","6911"
"pt_ag_69112","Juros Suportados - Juros de Leasing","69112","69112"
"pt_ag_691121","Juros Suportados - Juros de Leasing - Viaturas Ligeiras de Passageiros e de Mercadorias","691121","691121"
"pt_ag_691122","Juros Suportados - Juros de Leasing - Viaturas Ligeiras de Passageiros Híbridas Plug-in","691122","691122"
"pt_ag_691123","Juros Suportados - Juros de Leasing -  Viaturas Ligeiras de Passageiros movidas a GPL ou GNV","691123","691123"
"pt_ag_691124","Juros Suportados - Juros de Leasing - Viaturas Ligeiras de Passageiros movidas exclusivamente a Energia Elétrica","691124","691124"
"pt_ag_692","Diferenças de Câmbio Desfavorável","692","692"
"pt_ag_698","Outros gastos e perdas de financiamento","698","698"
"pt_ag_7","Rendimentos","7","7"
"pt_ag_71","Vendas","71","71"
"pt_ag_711","Mercadorias","711","711"
"pt_ag_712","Produtos acabados e intermédios","712","712"
"pt_ag_713","Subprodutos, desperdícios, resíduos e refugos","713","713"
"pt_ag_714","Activos biológicos","714","714"
"pt_ag_717","Devoluções de vendas","717","717"
"pt_ag_7171","Mercadorias","7171","7171"
"pt_ag_7172","Produtos Acabados e Intermédios","7172","7172"
"pt_ag_7173","Subprodutos, Desperdícios, Resíduos e Refugos","7173","7173"
"pt_ag_7174","Ativos Biólogicos","7174","7174"
"pt_ag_718","Descontos e abatimentos em vendas","718","718"
"pt_ag_7181","Mercadorias","7181","7181"
"pt_ag_7182","Produtos Acabados e Intermédios","7182","7182"
"pt_ag_7183","Subprodutos, Desperdícios, Resíduos e Refugos","7183","7183"
"pt_ag_7184","Ativos Biólogicos","7184","7184"
"pt_ag_72","Prestações de Serviços","72","72"
"pt_ag_721","Serviço A","721","721"
"pt_ag_722","Serviço B","722","722"
"pt_ag_725","Serviços secundários","725","725"
"pt_ag_727","Devolução de Prestações de Serviço","727","727"
"pt_ag_7271","Serviço A","7271","7271"
"pt_ag_7272","Serviço B","7272","7272"
"pt_ag_7275","Serviços Secundários","7275","7275"
"pt_ag_728","Descontos e abatimentos","728","728"
"pt_ag_7281","Serviço A","7281","7281"
"pt_ag_7282","Serviço B","7282","7282"
"pt_ag_7283","Serviços Secundários","7283","7283"
"pt_ag_73","Variações nos Inventários da Produção","73","73"
"pt_ag_74","Trabalhos para a Própria Entidade","74","74"
"pt_ag_75","Subsídios à Exploração","75","75"
"pt_ag_76","Reversões","76","76"
"pt_ag_761","De depreciações e de amortizações","761","761"
"pt_ag_7611","Propriedades de investimento","7611","7611"
"pt_ag_7612","Activos fixos tangíveis","7612","7612"
"pt_ag_7613","Activos intangíveis","7613","7613"
"pt_ag_7614","Ativos Biológicos","7614","7614"
"pt_ag_7615","Investimentos financeiros","7615","7615"
"pt_ag_762","De perdas por imparidade","762","762"
"pt_ag_7621","Em dívidas a receber","7621","7621"
"pt_ag_7622","Em inventários","7622","7622"
"pt_ag_76226","Ativos Biológicos","76226","76226"
"pt_ag_7623","Em investimentos financeiros","7623","7623"
"pt_ag_7624","Em propriedades de investimento","7624","7624"
"pt_ag_7625","Activos fixos tangíveis","7625","7625"
"pt_ag_7626","Ativos Intangíveis","7626","7626"
"pt_ag_7627","Em investimentos em curso","7627","7627"
"pt_ag_76275","Adiantamentos por conta de investimentos","76275","76275"
"pt_ag_7628","Em activos não correntes detidos para venda","7628","7628"
"pt_ag_763","De provisões","763","763"
"pt_ag_77","Ganhos por Aumentos de Justo Valor","77","77"
"pt_ag_772","Em investimentos financeiros","772","772"
"pt_ag_773","Em propriedades de investimento","773","773"
"pt_ag_774","Em activos biológicos","774","774"
"pt_ag_78","Outros Rendimentos","78","78"
"pt_ag_781","Rendimentos suplementares","781","781"
"pt_ag_7811","Serviços sociais","7811","7811"
"pt_ag_7812","Aluguer de equipamento","7812","7812"
"pt_ag_7813","Estudos, projectos e assistência tecnológica","7813","7813"
"pt_ag_7814","Royalties","7814","7814"
"pt_ag_7815","Desempenho de cargos sociais noutras empresas","7815","7815"
"pt_ag_7816","Outros rendimentos suplementares","7816","7816"
"pt_ag_784","Ganhos em inventários","784","784"
"pt_ag_785","Rendimentos e ganhos em subsidiárias, associadas e empreendimentos conjuntos","785","785"
"pt_ag_786","Rendimentos nos restantes activos financeiros","786","786"
"pt_ag_787","Rendimentos nos investimentos não financeiros","787","787"
"pt_ag_788","Outros","788","788"
"pt_ag_7888","Outros Não Especificados","7888","7888"
"pt_ag_79","Juros, Dividendos e Outros Rendimentos Similares","79","79"
"pt_ag_791","Juros obtidos","791","791"
"pt_ag_792","Dividendos obtidos","792","792"
"pt_ag_8","Resultados","8","8"
"pt_ag_81","Resultado Líquido do Período","81","81"
"pt_ag_812","Imposto sobre o rendimento do período","812","812"
"pt_ag_89","Dividendos Antecipados","89","89"
